RowID,OrderID,OrderDate,ShipDate,ShipMode,CustomerID,CustomerName,Segment,Address_Country,Address_City,Address_State,Address_Postal_Code,Address_Region,Product_ID,Category,Sub_Category,Product_Name,Sales,Quantity,Discount,Profit
2209,CA-2015-129854,22-08-2015,26-08-2015,Standard Class,RB-19705,Roger Barcio,Home Office,United States,New York City,New York,10009,East,OFF-AR-10000390,Office Supplies,Art,Newell Chalk Holder,16.52,4,0,7.5992
4017,CA-2015-165624,23-08-2015,28-08-2015,Standard Class,FH-14350,Fred Harton,Consumer,United States,Atlanta,Georgia,30318,South,OFF-PA-10003893,Office Supplies,Paper,Xerox 1962,21.4,5,0,9.63
7615,CA-2015-113740,24-08-2015,28-08-2015,Second Class,SC-20380,Shahid Collister,Consumer,United States,New York City,New York,10035,East,FUR-FU-10000010,Furniture,Furnishings,DAX Value U-Channel Document Frames  Easel Back,14.91,3,0,4.6221
6798,CA-2015-168809,25-08-2015,25-08-2015,Same Day,MC-18100,Mick Crebagga,Consumer,United States,Houston,Texas,77041,Central,OFF-BI-10000315,Office Supplies,Binders,Poly Designer Cover & Back,3.798,1,0.8,-6.0768
1295,CA-2015-101707,27-08-2015,01-09-2015,Standard Class,PF-19165,Philip Fox,Consumer,United States,San Diego,California,92105,West,OFF-LA-10000134,Office Supplies,Labels,Avery 511,3.08,1,0,1.4784
3056,US-2015-100377,28-08-2015,01-09-2015,Standard Class,TS-21370,Todd Sumrall,Corporate,United States,Chicago,Illinois,60623,Central,TEC-CO-10001046,Technology,Copiers,Canon Imageclass D680 Copier / Fax,2799.96,5,0.2,874.9875
6471,CA-2015-108532,29-08-2015,02-09-2015,Standard Class,CC-12100,Chad Cunningham,Home Office,United States,Detroit,Michigan,48234,Central,TEC-PH-10001750,Technology,Phones,Samsung Rugby III,131.98,2,0,35.6346
761,CA-2015-112319,31-08-2015,05-09-2015,Standard Class,AR-10510,Andrew Roberts,Consumer,United States,Los Angeles,California,90004,West,OFF-PA-10003441,Office Supplies,Paper,Xerox 226,58.32,9,0,27.9936
2816,CA-2015-104626,01-09-2015,08-09-2015,Standard Class,DR-12940,Daniel Raglin,Home Office,United States,Franklin,Massachusetts,2038,East,OFF-BI-10001510,Office Supplies,Binders,Deluxe Heavy-Duty Vinyl Round Ring Binder,114.6,5,0,51.57
6046,CA-2015-113215,03-09-2015,08-09-2015,Standard Class,CP-12085,Cathy Prescott,Corporate,United States,Tucson,Arizona,85705,West,FUR-FU-10002937,Furniture,Furnishings,"GE 48"" Fluorescent Tube  Cool White Energy Saver  34 Watts  30/Box",238.152,3,0.2,89.307
1121,CA-2015-142755,04-09-2015,08-09-2015,Standard Class,CS-12355,Christine Sundaresam,Consumer,United States,Roswell,Georgia,30076,South,OFF-EN-10004459,Office Supplies,Envelopes,Security-Tint Envelopes,15.28,2,0,7.4872
1761,CA-2015-130785,05-09-2015,09-09-2015,Standard Class,AG-10900,Arthur Gainer,Consumer,United States,San Diego,California,92105,West,FUR-BO-10000330,Furniture,Bookcases,Sauder Camden County Barrister Bookcase  Planked Cherry Finish,411.332,4,0.15,-4.8392
4985,CA-2015-160696,06-09-2015,10-09-2015,Standard Class,CK-12760,Cyma Kinney,Corporate,United States,Nashville,Tennessee,37211,South,OFF-FA-10003059,Office Supplies,Fasteners,Assorted Color Push Pins,7.24,5,0.2,1.1765
5009,CA-2015-102876,07-09-2015,14-09-2015,Standard Class,LR-17035,Lisa Ryan,Corporate,United States,Philadelphia,Pennsylvania,19134,East,OFF-BI-10004781,Office Supplies,Binders,GBC Wire Binding Strips,9.522,1,0.7,-6.9828
6255,CA-2015-151624,08-09-2015,14-09-2015,Standard Class,VW-21775,Victoria Wilson,Corporate,United States,Montgomery,Alabama,36116,South,FUR-FU-10001731,Furniture,Furnishings,Acrylic Self-Standing Desk Frames,21.36,8,0,8.1168
581,CA-2015-132906,10-09-2015,14-09-2015,Standard Class,CC-12145,Charles Crestani,Consumer,United States,Los Angeles,California,90004,West,OFF-SU-10004498,Office Supplies,Supplies,Martin-Yale Premier Letter Opener,51.52,4,0,1.5456
6673,CA-2015-153794,11-09-2015,16-09-2015,Standard Class,SB-20290,Sean Braxton,Corporate,United States,San Diego,California,92024,West,OFF-AR-10000380,Office Supplies,Art,Hunt PowerHouse Electric Pencil Sharpener  Blue,265.86,7,0,79.758
5206,CA-2015-102015,12-09-2015,18-09-2015,Standard Class,TM-21010,Tamara Manning,Consumer,United States,Auburn,New York,13021,East,OFF-ST-10001713,Office Supplies,Storage,Gould Plastics 9-Pocket Panel Bin  18-3/8w x 5-1/4d x 20-1/2h  Black,105.98,2,0,4.2392
5188,CA-2015-115567,13-09-2015,18-09-2015,Standard Class,ZC-21910,Zuschuss Carroll,Consumer,United States,Columbus,Indiana,47201,Central,TEC-AC-10001314,Technology,Accessories,Case Logic 2.4GHz Wireless Keyboard,199.96,4,0,15.9968
3824,CA-2015-140984,14-09-2015,18-09-2015,Standard Class,CC-12685,Craig Carroll,Consumer,United States,New York City,New York,10011,East,OFF-ST-10000585,Office Supplies,Storage,Economy Rollaway Files,991.2,6,0,257.712
1196,US-2015-130519,15-09-2015,15-09-2015,Same Day,NG-18355,Nat Gilpin,Corporate,United States,Coral Springs,Florida,33065,South,OFF-ST-10001321,Office Supplies,Storage,Decoflex Hanging Personal Folder File  Blue,24.672,2,0.2,2.1588
9401,CA-2015-167696,16-09-2015,21-09-2015,Standard Class,BD-11500,Bradley Drucker,Consumer,United States,Newport News,Virginia,23602,South,OFF-EN-10001539,Office Supplies,Envelopes,Staple envelope,31.12,4,0,14.6264
28,US-2015-150630,17-09-2015,21-09-2015,Standard Class,TB-21520,Tracy Blumstein,Consumer,United States,Philadelphia,Pennsylvania,19140,East,FUR-BO-10004834,Furniture,Bookcases,Riverside Palais Royal Lawyers Bookcase  Royale Cherry Finish,3083.43,7,0.5,-1665.0522
4976,CA-2015-142202,18-09-2015,23-09-2015,Second Class,JR-16210,Justin Ritter,Corporate,United States,Jacksonville,Florida,32216,South,TEC-AC-10003198,Technology,Accessories,Enermax Acrylux Wireless Keyboard,717.12,9,0.2,152.388
9599,CA-2015-149517,19-09-2015,23-09-2015,Standard Class,FC-14245,Frank Carlisle,Home Office,United States,Sacramento,California,95823,West,FUR-FU-10003464,Furniture,Furnishings,"Seth Thomas 8 1/2"" Cubicle Clock",60.84,3,0,19.4688
8210,CA-2015-141565,20-09-2015,24-09-2015,Standard Class,BG-11035,Barry Gonzalez,Consumer,United States,Nashville,Tennessee,37211,South,OFF-ST-10001522,Office Supplies,Storage,Gould Plastics 18-Pocket Panel Bin  34w x 5-1/4d x 20-1/2h,294.368,4,0.2,-58.8736
1419,CA-2015-126697,21-09-2015,24-09-2015,First Class,SV-20815,Stuart Van,Corporate,United States,Houston,Texas,77041,Central,FUR-FU-10001706,Furniture,Furnishings,Longer-Life Soft White Bulbs,4.928,4,0.6,-1.4784
5841,CA-2015-134992,22-09-2015,26-09-2015,Second Class,MG-17875,Michael Grace,Home Office,United States,Arlington,Virginia,22204,South,FUR-FU-10002554,Furniture,Furnishings,Westinghouse Floor Lamp with Metal Mesh Shade  Black,47.98,2,0,11.0354
3427,CA-2015-153381,24-09-2015,28-09-2015,Standard Class,DE-13255,Deanra Eno,Home Office,United States,Dubuque,Iowa,52001,Central,FUR-CH-10000988,Furniture,Chairs,Hon Olson Stacker Stools,1408.1,10,0,394.268
8217,CA-2015-120845,25-09-2015,02-10-2015,Standard Class,ML-17395,Marina Lichtenstein,Corporate,United States,Murfreesboro,Tennessee,37130,South,OFF-BI-10001982,Office Supplies,Binders,Wilson Jones Custom Binder Spines & Labels,3.264,2,0.7,-2.2848
1649,CA-2015-120341,26-09-2015,29-09-2015,Second Class,SF-20200,Sarah Foster,Consumer,United States,Philadelphia,Pennsylvania,19143,East,OFF-BI-10004224,Office Supplies,Binders,Catalog Binders with Expanding Posts,121.104,6,0.7,-100.92
6959,CA-2015-167255,27-09-2015,29-09-2015,Second Class,RH-19510,Rick Huthwaite,Home Office,United States,San Francisco,California,94110,West,OFF-ST-10001328,Office Supplies,Storage,Personal Filing Tote with Lid  Black/Gray,15.51,1,0,4.3428
4934,CA-2015-106978,28-09-2015,04-10-2015,Standard Class,ZC-21910,Zuschuss Carroll,Consumer,United States,Aurora,Colorado,80013,West,OFF-BI-10002012,Office Supplies,Binders,Wilson Jones Easy Flow II Sheet Lifters,1.08,2,0.7,-0.792
1444,CA-2015-166135,01-10-2015,06-10-2015,Standard Class,SC-20440,Shaun Chance,Corporate,United States,Aurora,Colorado,80013,West,OFF-ST-10002974,Office Supplies,Storage,Trav-L-File Heavy-Duty Shuttle II  Black,139.424,4,0.2,17.428
8744,US-2015-144771,02-10-2015,04-10-2015,First Class,CK-12205,Chloris Kastensmidt,Consumer,United States,Hillsboro,Oregon,97123,West,TEC-AC-10002323,Technology,Accessories,SanDisk Ultra 32 GB MicroSDHC Class 10 Memory Card,53.04,3,0.2,-4.641
782,US-2015-157014,03-10-2015,06-10-2015,Second Class,BM-11785,Bryan Mills,Consumer,United States,Columbus,Ohio,43229,East,OFF-BI-10001098,Office Supplies,Binders,Acco D-Ring Binder w/DublLock,32.07,5,0.7,-22.449
636,CA-2015-168004,04-10-2015,09-10-2015,Second Class,DJ-13420,Denny Joy,Corporate,United States,Warner Robins,Georgia,31088,South,FUR-CH-10001482,Furniture,Chairs,Office Star - Mesh Screen back chair with Vinyl seat,392.94,3,0,43.2234
4622,CA-2015-161214,05-10-2015,08-10-2015,Second Class,SF-20965,Sylvia Foulston,Corporate,United States,Wilmington,Delaware,19805,East,OFF-ST-10001328,Office Supplies,Storage,Personal Filing Tote with Lid  Black/Gray,77.55,5,0,21.714
8134,CA-2015-131352,08-10-2015,13-10-2015,Standard Class,GH-14485,Gene Hale,Corporate,United States,Dallas,Texas,75081,Central,FUR-FU-10003708,Furniture,Furnishings,"Tenex Traditional Chairmats for Medium Pile Carpet  Standard Lip  36"" x 48""",72.78,3,0.6,-70.9605
7314,CA-2015-162761,09-10-2015,13-10-2015,Standard Class,SC-20575,Sonia Cooley,Consumer,United States,Miami,Florida,33178,South,OFF-AR-10001761,Office Supplies,Art,Avery Hi-Liter Smear-Safe Highlighters,37.376,8,0.2,7.4752
9914,CA-2015-132388,10-10-2015,12-10-2015,First Class,KN-16390,Katherine Nockton,Corporate,United States,Santa Barbara,California,93101,West,OFF-LA-10000414,Office Supplies,Labels,Avery 503,31.05,3,0,14.904
5345,CA-2015-112053,11-10-2015,13-10-2015,Second Class,SH-20395,Shahid Hopkins,Consumer,United States,Rochester,New York,14609,East,TEC-AC-10002550,Technology,Accessories,Memorex 25GB 6X Branded Blu-Ray Recordable Disc  30/Pack,31.95,1,0,2.2365
7862,CA-2015-142993,12-10-2015,17-10-2015,Standard Class,KA-16525,Kelly Andreada,Consumer,United States,Seattle,Washington,98103,West,TEC-AC-10003038,Technology,Accessories,Kingston Digital DataTraveler 16GB USB 2.0,17.9,2,0,3.401
847,CA-2015-114300,13-10-2015,17-10-2015,Standard Class,AF-10885,Art Foster,Consumer,United States,Louisville,Kentucky,40214,South,TEC-PH-10001552,Technology,Phones,I Need's 3d Hello Kitty Hybrid Silicone Case Cover for HTC One X 4g with 3d Hello Kitty Stylus Pen Green/pink,83.72,7,0,23.4416
1439,CA-2015-139731,15-10-2015,15-10-2015,Same Day,JE-15745,Joel Eaton,Consumer,United States,Amarillo,Texas,79109,Central,FUR-CH-10002024,Furniture,Chairs,HON 5400 Series Task Chairs for Big and Tall,2453.43,5,0.3,-350.49
6969,CA-2015-110765,16-10-2015,20-10-2015,Second Class,MP-17965,Michael Paige,Corporate,United States,New York City,New York,10011,East,TEC-PH-10004165,Technology,Phones,Mitel MiVoice 5330e IP Phone,824.97,3,0,214.4922
3405,CA-2015-152527,17-10-2015,17-10-2015,Same Day,CM-12190,Charlotte Melton,Consumer,United States,Los Angeles,California,90004,West,OFF-ST-10003479,Office Supplies,Storage,Eldon Base for stackable storage shelf  platinum,77.88,2,0,3.894
9415,CA-2015-127824,18-10-2015,22-10-2015,Standard Class,JC-15775,John Castell,Consumer,United States,Seattle,Washington,98115,West,TEC-PH-10004094,Technology,Phones,Motorola L703CM,249.584,2,0.2,15.599
872,CA-2015-131128,19-10-2015,20-10-2015,First Class,TB-21520,Tracy Blumstein,Consumer,United States,Concord,New Hampshire,3301,East,OFF-PA-10003591,Office Supplies,Paper,Southworth 100% Cotton The Best Paper,34.44,3,0,17.22
9058,CA-2015-149097,20-10-2015,24-10-2015,Standard Class,SV-20785,Stewart Visinsky,Consumer,United States,Los Angeles,California,90045,West,FUR-FU-10003424,Furniture,Furnishings,Nu-Dell Oak Frame,74.76,7,0,23.9232
8474,CA-2015-169733,22-10-2015,26-10-2015,Second Class,GM-14500,Gene McClure,Consumer,United States,Hollywood,Florida,33021,South,OFF-ST-10000876,Office Supplies,Storage,Eldon Simplefile Box Office,9.952,1,0.2,0.9952
3873,CA-2015-132486,23-10-2015,27-10-2015,Second Class,JF-15355,Jay Fein,Consumer,United States,San Diego,California,92105,West,FUR-CH-10001854,Furniture,Chairs,Office Star - Professional Matrix Back Chair with 2-to-1 Synchro Tilt and Mesh Fabric Seat,842.352,3,0.2,42.1176
6424,CA-2015-149650,24-10-2015,27-10-2015,First Class,RD-19660,Robert Dilbeck,Home Office,United States,Oakland,California,94601,West,FUR-CH-10003956,Furniture,Chairs,Novimex High-Tech Fabric Mesh Task Chair,454.272,8,0.2,-73.8192
4382,CA-2015-152891,25-10-2015,30-10-2015,Standard Class,TB-21625,Trudy Brown,Consumer,United States,San Francisco,California,94110,West,FUR-TA-10001857,Furniture,Tables,Balt Solid Wood Rectangular Table,253.176,3,0.2,-31.647
8084,CA-2015-150714,26-10-2015,01-11-2015,Standard Class,KH-16690,Kristen Hastings,Corporate,United States,Springfield,Oregon,97477,West,OFF-BI-10002982,Office Supplies,Binders,Avery Self-Adhesive Photo Pockets for Polaroid Photos,14.301,7,0.7,-10.4874
1000,CA-2015-162537,28-10-2015,03-11-2015,Standard Class,RD-19585,Rob Dowd,Consumer,United States,Henderson,Kentucky,42420,South,FUR-FU-10001918,Furniture,Furnishings,C-Line Cubicle Keepers Polyproplyene Holder With Velcro Backings,33.11,7,0,12.9129
6326,CA-2015-110289,29-10-2015,02-11-2015,Standard Class,NB-18655,Nona Balk,Corporate,United States,San Francisco,California,94109,West,OFF-EN-10001434,Office Supplies,Envelopes,Strathmore #10 Envelopes  Ultimate White,210.84,4,0,103.3116
8478,CA-2015-145758,30-10-2015,30-10-2015,Same Day,BF-11020,Barry Französisch,Corporate,United States,New York City,New York,10024,East,TEC-MA-10004552,Technology,Machines,Star Micronics TSP100 TSP143LAN Receipt Printer,1035.8,4,0,269.308
1233,CA-2015-132570,31-10-2015,02-11-2015,Second Class,KT-16480,Kean Thornton,Consumer,United States,Buffalo,New York,14215,East,OFF-EN-10003055,Office Supplies,Envelopes,Blue String-Tie & Button Interoffice Envelopes  10 x 13,79.96,2,0,35.982
6551,CA-2015-126739,01-11-2015,03-11-2015,Second Class,JH-16180,Justin Hirsh,Consumer,United States,New York City,New York,10035,East,FUR-CH-10000422,Furniture,Chairs,Global Highback Leather Tilter in Burgundy,327.564,4,0.1,21.8376
1167,CA-2015-125416,02-11-2015,02-11-2015,Same Day,KC-16540,Kelly Collister,Consumer,United States,Seattle,Washington,98115,West,TEC-AC-10001552,Technology,Accessories,Logitech K350 2.4Ghz Wireless Keyboard,447.93,9,0,49.2723
1489,CA-2015-140410,03-11-2015,07-11-2015,Standard Class,CM-12655,Corinna Mitchell,Home Office,United States,Los Angeles,California,90008,West,FUR-FU-10003347,Furniture,Furnishings,Coloredge Poster Frame,42.6,3,0,16.614
3310,CA-2015-144386,05-11-2015,11-11-2015,Standard Class,GT-14635,Grant Thornton,Corporate,United States,New York City,New York,10009,East,OFF-BI-10001116,Office Supplies,Binders,"Wilson Jones 1"" Hanging DublLock Ring Binders",25.344,6,0.2,8.8704
1007,CA-2015-105312,06-11-2015,09-11-2015,First Class,MT-17815,Meg Tillman,Consumer,United States,Scottsdale,Arizona,85254,West,OFF-EN-10002600,Office Supplies,Envelopes,Redi-Strip #10 Envelopes  4 1/8 x 9 1/2,7.08,3,0.2,2.478
9103,CA-2015-163181,07-11-2015,12-11-2015,Standard Class,AB-10105,Adrian Barton,Consumer,United States,Houston,Texas,77041,Central,OFF-ST-10001713,Office Supplies,Storage,Gould Plastics 9-Pocket Panel Bin  18-3/8w x 5-1/4d x 20-1/2h  Black,84.784,2,0.2,-16.9568
8204,CA-2015-114811,08-11-2015,08-11-2015,Same Day,KD-16495,Keith Dawkins,Corporate,United States,New York City,New York,10024,East,FUR-FU-10002240,Furniture,Furnishings,Nu-Dell EZ-Mount Plastic Wall Frames,11.82,3,0,4.728
5340,CA-2015-146486,09-11-2015,14-11-2015,Second Class,DV-13465,Dianna Vittorini,Consumer,United States,Oceanside,New York,11572,East,OFF-EN-10001509,Office Supplies,Envelopes,Poly String Tie Envelopes,12.24,6,0,5.7528
5006,CA-2015-158659,10-11-2015,14-11-2015,Second Class,SC-20695,Steve Chapman,Corporate,United States,Richmond,Indiana,47374,Central,OFF-ST-10003306,Office Supplies,Storage,Letter Size Cart,714.3,5,0,207.147
9314,CA-2015-111948,11-11-2015,11-11-2015,Same Day,AG-10495,Andrew Gjertsen,Corporate,United States,Detroit,Michigan,48234,Central,OFF-ST-10003282,Office Supplies,Storage,Advantus 10-Drawer Portable Organizer  Chrome Metal Frame  Smoke Drawers,418.32,7,0,117.1296
2689,CA-2015-153220,12-11-2015,14-11-2015,First Class,YC-21895,Yoseph Carroll,Corporate,United States,Los Angeles,California,90032,West,OFF-PA-10003016,Office Supplies,Paper,"Adams ""While You Were Out"" Message Pads",15.7,5,0,7.065
2736,CA-2015-115798,13-11-2015,19-11-2015,Standard Class,KL-16645,Ken Lonsdale,Consumer,United States,Newark,Delaware,19711,East,TEC-PH-10003691,Technology,Phones,BlackBerry Q10,377.97,3,0,94.4925
3833,US-2015-111927,14-11-2015,19-11-2015,Standard Class,LS-17230,Lycoris Saunders,Consumer,United States,Dover,Delaware,19901,East,OFF-BI-10002571,Office Supplies,Binders,"Avery Framed View Binder  EZD Ring (Locking)  Navy  1 1/2""",19.96,2,0,9.3812
9022,CA-2015-129525,15-11-2015,20-11-2015,Standard Class,VP-21760,Victoria Pisteka,Corporate,United States,Toledo,Ohio,43615,East,OFF-BI-10002133,Office Supplies,Binders,"Wilson Jones Elliptical Ring 3 1/2"" Capacity Binders  800 sheets",166.92,13,0.7,-116.844
4193,CA-2015-150875,16-11-2015,20-11-2015,Standard Class,HK-14890,Heather Kirkland,Corporate,United States,Boise,Idaho,83704,West,FUR-TA-10000577,Furniture,Tables,Bretford CR4500 Series Slim Rectangular Table,696.42,2,0,160.1766
8009,CA-2015-110863,17-11-2015,24-11-2015,Standard Class,AA-10645,Anna Andreadi,Consumer,United States,Oklahoma City,Oklahoma,73120,Central,OFF-PA-10000474,Office Supplies,Paper,Easy-staple paper,106.32,3,0,49.9704
6996,CA-2015-166800,19-11-2015,26-11-2015,Standard Class,AG-10300,Aleksandra Gannaway,Corporate,United States,Las Vegas,Nevada,89115,West,OFF-AP-10004868,Office Supplies,Appliances,Hoover Commercial Soft Guard Upright Vacuum And Disposable Filtration Bags,31.08,4,0,8.3916
6246,CA-2015-112305,20-11-2015,25-11-2015,Standard Class,KB-16405,Katrina Bavinger,Home Office,United States,Seattle,Washington,98105,West,FUR-FU-10002364,Furniture,Furnishings,Eldon Expressions Wood Desk Accessories  Oak,22.14,3,0,6.4206
8182,CA-2015-119879,21-11-2015,25-11-2015,Standard Class,SS-20410,Shahid Shariari,Consumer,United States,Philadelphia,Pennsylvania,19120,East,TEC-PH-10002923,Technology,Phones,Logitech B530 USB Headset - headset - Full size  Binaural,110.97,5,0.4,-24.0435
15,US-2015-118983,22-11-2015,26-11-2015,Standard Class,HP-14815,Harold Pawlan,Home Office,United States,Fort Worth,Texas,76106,Central,OFF-AP-10002311,Office Supplies,Appliances,Holmes Replacement Filter for HEPA Air Cleaner  Very Large Room  HEPA Filter,68.81,5,0.8,-123.858
8815,CA-2015-144274,23-11-2015,25-11-2015,Second Class,PW-19240,Pierre Wener,Consumer,United States,Wilmington,Delaware,19805,East,TEC-PH-10003012,Technology,Phones,Nortel Meridian M3904 Professional Digital phone,307.98,2,0,89.3142
65,CA-2015-135545,24-11-2015,30-11-2015,Standard Class,KM-16720,Kunst Miller,Consumer,United States,Los Angeles,California,90004,West,OFF-PA-10003892,Office Supplies,Paper,Xerox 1943,146.73,3,0,68.9631
2095,US-2015-164357,25-11-2015,29-11-2015,Standard Class,SF-20065,Sandra Flanagan,Consumer,United States,Wilmington,North Carolina,28403,South,OFF-AR-10001177,Office Supplies,Art,Newell 349,13.12,5,0.2,1.476
4271,CA-2015-166975,26-11-2015,30-11-2015,Standard Class,SH-20635,Stefanie Holloman,Corporate,United States,Jackson,Tennessee,38301,South,FUR-FU-10003930,Furniture,Furnishings,Howard Miller 12-3/4 Diameter Accuwave DS  Wall Clock,692.472,11,0.2,190.4298
3063,CA-2015-145184,27-11-2015,29-11-2015,First Class,JD-16150,Justin Deggeller,Corporate,United States,Newark,Delaware,19711,East,TEC-PH-10002350,Technology,Phones,Apple EarPods with Remote and Mic,83.97,3,0,23.5116
6217,CA-2015-161711,28-11-2015,03-12-2015,Standard Class,MC-17425,Mark Cousins,Corporate,United States,New York City,New York,10035,East,OFF-EN-10001539,Office Supplies,Envelopes,Staple envelope,62.24,8,0,29.2528
625,CA-2015-138009,29-11-2015,03-12-2015,Standard Class,SF-20965,Sylvia Foulston,Corporate,United States,Dearborn,Michigan,48126,Central,OFF-ST-10001272,Office Supplies,Storage,Mini 13-1/2 Capacity Data Binder Rack  Pearl,523.48,4,0,130.87
6926,CA-2015-137925,30-11-2015,04-12-2015,Standard Class,JL-15235,Janet Lee,Consumer,United States,New York City,New York,10035,East,FUR-BO-10001608,Furniture,Bookcases,Hon Metal Bookcases  Black,681.408,12,0.2,42.588
6880,CA-2015-137113,01-12-2015,05-12-2015,Second Class,TW-21025,Tamara Willingham,Home Office,United States,Seattle,Washington,98105,West,FUR-CH-10001215,Furniture,Chairs,Global Troy Executive Leather Low-Back Tilter,2003.92,5,0.2,125.245
3613,CA-2015-110093,03-12-2015,08-12-2015,Standard Class,AB-10255,Alejandro Ballentine,Home Office,United States,Philadelphia,Pennsylvania,19134,East,OFF-PA-10000174,Office Supplies,Paper,"Message Book  Wirebound  Four 5 1/2"" X 4"" Forms/Pg.  200 Dupl. Sets/Book",16.448,2,0.2,5.5512
3376,CA-2015-161718,04-12-2015,10-12-2015,Standard Class,SO-20335,Sean O'Donnell,Consumer,United States,Hempstead,New York,11550,East,TEC-PH-10000376,Technology,Phones,Square Credit Card Reader,39.96,4,0,10.3896
8548,CA-2015-149566,05-12-2015,10-12-2015,Standard Class,GB-14530,George Bell,Corporate,United States,Los Angeles,California,90049,West,TEC-AC-10001266,Technology,Accessories,Memorex Micro Travel Drive 8 GB,39,3,0,17.55
1285,US-2015-149692,06-12-2015,12-12-2015,Standard Class,KW-16435,Katrina Willman,Consumer,United States,Austin,Texas,78745,Central,OFF-BI-10002813,Office Supplies,Binders,Avery Reinforcements for Hole-Punch Pages,2.772,7,0.8,-4.851
539,CA-2015-134894,07-12-2015,11-12-2015,Standard Class,DK-12985,Darren Koutras,Consumer,United States,Henderson,Kentucky,42420,South,OFF-AP-10001271,Office Supplies,Appliances,Eureka The Boss Cordless Rechargeable Stick Vac,152.94,3,0,41.2938
1757,CA-2015-135622,08-12-2015,11-12-2015,Second Class,TT-21460,Tonja Turnell,Home Office,United States,Fort Worth,Texas,76106,Central,TEC-PH-10001817,Technology,Phones,Wilson Electronics DB Pro Signal Booster,1718.4,6,0.2,150.36
980,CA-2015-157035,09-12-2015,12-12-2015,First Class,KB-16600,Ken Brennan,Corporate,United States,Columbus,Indiana,47201,Central,OFF-PA-10004156,Office Supplies,Paper,Xerox 188,34.02,3,0,16.6698
5691,US-2015-138093,10-12-2015,16-12-2015,Standard Class,KM-16225,Kalyca Meade,Corporate,United States,Baltimore,Maryland,21215,East,OFF-AR-10000817,Office Supplies,Art,Manco Dry-Lighter Erasable Highlighter,27.36,9,0,9.3024
4791,CA-2015-104346,11-12-2015,16-12-2015,Standard Class,IM-15070,Irene Maddox,Consumer,United States,Colorado Springs,Colorado,80906,West,FUR-TA-10000849,Furniture,Tables,Bevis Rectangular Conference Tables,364.95,5,0.5,-248.166
5783,CA-2015-155586,12-12-2015,16-12-2015,Second Class,XP-21865,Xylona Preis,Consumer,United States,Chico,California,95928,West,OFF-EN-10003072,Office Supplies,Envelopes,Peel & Seel Envelopes,15.52,4,0,7.4496
3288,CA-2015-157770,13-12-2015,15-12-2015,First Class,RD-19585,Rob Dowd,Consumer,United States,Temecula,California,92592,West,TEC-PH-10001530,Technology,Phones,Plantronics Voyager Pro Legend,494.376,3,0.2,49.4376
5558,CA-2015-125066,14-12-2015,18-12-2015,Standard Class,KD-16495,Keith Dawkins,Corporate,United States,Jackson,Mississippi,39212,South,OFF-AR-10003582,Office Supplies,Art,Boston Electric Pencil Sharpener  Model 1818  Charcoal Black,56.3,2,0,15.764
462,CA-2015-109638,15-12-2015,22-12-2015,Standard Class,JH-15985,Joseph Holt,Consumer,United States,Seattle,Washington,98115,West,OFF-BI-10001098,Office Supplies,Binders,Acco D-Ring Binder w/DublLock,51.312,3,0.2,18.6006
6873,CA-2015-162544,16-12-2015,19-12-2015,First Class,SG-20080,Sandra Glassco,Consumer,United States,Seattle,Washington,98105,West,OFF-PA-10004948,Office Supplies,Paper,Xerox 190,4.98,1,0,2.3406
6686,US-2015-129637,17-12-2015,22-12-2015,Standard Class,MC-18100,Mick Crebagga,Consumer,United States,Bloomington,Illinois,61701,Central,FUR-FU-10000965,Furniture,Furnishings,"Howard Miller 11-1/2"" Diameter Ridgewood Wall Clock",41.552,2,0.6,-19.7372
543,US-2015-120161,18-12-2015,23-12-2015,Standard Class,LM-17065,Liz MacKendrick,Consumer,United States,Springfield,Ohio,45503,East,OFF-ST-10001809,Office Supplies,Storage,Fellowes Officeware Wire Shelving,646.776,9,0.2,-145.5246
8826,CA-2015-115399,19-12-2015,22-12-2015,First Class,AG-10900,Arthur Gainer,Consumer,United States,Philadelphia,Pennsylvania,19134,East,OFF-LA-10003190,Office Supplies,Labels,Avery 474,6.912,3,0.2,2.5056
1722,US-2015-123218,20-12-2015,25-12-2015,Standard Class,KD-16345,Katherine Ducich,Consumer,United States,Chicago,Illinois,60623,Central,TEC-PH-10001061,Technology,Phones,Apple iPhone 5C,159.984,2,0.2,11.9988
8286,CA-2015-154284,21-12-2015,26-12-2015,Second Class,SZ-20035,Sam Zeldin,Home Office,United States,Saint Charles,Illinois,60174,Central,FUR-FU-10003039,Furniture,Furnishings,"Howard Miller 11-1/2"" Diameter Grantwood Wall Clock",51.756,3,0.6,-33.6414
4013,CA-2015-153612,22-12-2015,27-12-2015,Standard Class,BT-11305,Beth Thompson,Home Office,United States,Superior,Wisconsin,54880,Central,OFF-AR-10000203,Office Supplies,Art,Newell 336,17.12,4,0,4.9648
2320,CA-2015-117828,23-12-2015,26-12-2015,First Class,BD-11500,Bradley Drucker,Consumer,United States,Richmond,Virginia,23223,South,OFF-AP-10001563,Office Supplies,Appliances,Belkin Premiere Surge Master II 8-outlet surge protector,194.32,4,0,56.3528
221,CA-2015-169397,24-12-2015,27-12-2015,First Class,JB-15925,Joni Blumstein,Consumer,United States,Dublin,Ohio,43017,East,OFF-PA-10004000,Office Supplies,Paper,While You Were Out Pads  50 per Pad  4 x 5 1/4  Green Cycle,22.704,6,0.2,8.2302
5974,CA-2015-143980,25-12-2015,29-12-2015,Standard Class,JK-15640,Jim Kriz,Home Office,United States,New York City,New York,10011,East,OFF-AP-10003779,Office Supplies,Appliances,Kensington 7 Outlet MasterPiece Power Center with Fax/Phone Line Protection,414.96,2,0,124.488
7100,CA-2015-124933,26-12-2015,30-12-2015,Second Class,DF-13135,David Flashing,Consumer,United States,New York City,New York,10009,East,OFF-PA-10003302,Office Supplies,Paper,Xerox 1906,212.64,6,0,99.9408
496,CA-2015-134782,27-12-2015,31-12-2015,Standard Class,MD-17350,Maribeth Dona,Consumer,United States,Fayetteville,Arkansas,72701,South,OFF-EN-10001434,Office Supplies,Envelopes,Strathmore #10 Envelopes  Ultimate White,105.42,2,0,51.6558
4037,CA-2015-148859,28-12-2015,01-01-2016,Standard Class,FH-14350,Fred Harton,Consumer,United States,Chicago,Illinois,60623,Central,OFF-ST-10004950,Office Supplies,Storage,Tenex Personal Filing Tote With Secure Closure Lid  Black/Frost,24.816,2,0.2,1.551
9876,CA-2015-130855,29-12-2015,05-01-2016,Standard Class,RF-19840,Roy Französisch,Consumer,United States,New York City,New York,10035,East,OFF-SU-10003936,Office Supplies,Supplies,Acme Serrated Blade Letter Opener,6.36,2,0,0.0636
6009,CA-2015-135580,30-12-2015,03-01-2016,Standard Class,CL-12565,Clay Ludtke,Consumer,United States,Los Angeles,California,90049,West,OFF-PA-10000595,Office Supplies,Paper,Xerox 1929,68.52,3,0,31.5192
2137,CA-2015-156377,31-12-2015,05-01-2016,Standard Class,TB-21625,Trudy Brown,Consumer,United States,Grand Prairie,Texas,75051,Central,FUR-FU-10002364,Furniture,Furnishings,Eldon Expressions Wood Desk Accessories  Oak,14.76,5,0.6,-11.439
4920,CA-2016-160304,02-01-2016,07-01-2016,Standard Class,BM-11575,Brendan Murry,Corporate,United States,Gaithersburg,Maryland,20877,East,TEC-PH-10000455,Technology,Phones,GE 30522EE2,231.98,2,0,67.2742
8605,US-2016-116365,03-01-2016,08-01-2016,Standard Class,CA-12310,Christine Abelman,Corporate,United States,San Antonio,Texas,78207,Central,TEC-AC-10002942,Technology,Accessories,WD My Passport Ultra 1TB Portable External Hard Drive,165.6,3,0.2,-6.21
5869,CA-2016-158211,04-01-2016,08-01-2016,Standard Class,BP-11185,Ben Peterman,Corporate,United States,Philadelphia,Pennsylvania,19143,East,OFF-BI-10002026,Office Supplies,Binders,Avery Arch Ring Binders,104.58,6,0.7,-80.178
863,CA-2016-134474,05-01-2016,07-01-2016,Second Class,AJ-10795,Anthony Johnson,Corporate,United States,Jacksonville,Florida,32216,South,TEC-AC-10001714,Technology,Accessories,Logitech MX Performance Wireless Mouse,191.472,6,0.2,40.6878
8032,CA-2016-158806,07-01-2016,11-01-2016,Standard Class,NM-18520,Neoma Murray,Consumer,United States,Amarillo,Texas,79109,Central,OFF-PA-10004621,Office Supplies,Paper,Xerox 212,25.92,5,0.2,9.072
7809,US-2016-137295,08-01-2016,13-01-2016,Standard Class,VS-21820,Vivek Sundaresam,Consumer,United States,Raleigh,North Carolina,27604,South,OFF-AR-10001955,Office Supplies,Art,Newell 319,47.616,3,0.2,5.952
3210,CA-2016-108882,09-01-2016,15-01-2016,Standard Class,LA-16780,Laura Armstrong,Corporate,United States,Fresno,California,93727,West,TEC-PH-10002726,Technology,Phones,netTALK DUO VoIP Telephone Service,377.928,9,0.2,141.723
4667,CA-2016-116547,10-01-2016,17-01-2016,Standard Class,KB-16585,Ken Black,Corporate,United States,Seattle,Washington,98115,West,FUR-FU-10000076,Furniture,Furnishings,24-Hour Round Wall Clock,79.92,4,0,34.3656
1028,CA-2016-126529,11-01-2016,13-01-2016,Second Class,DE-13255,Deanra Eno,Home Office,United States,Springfield,Ohio,45503,East,TEC-PH-10000148,Technology,Phones,Cyber Acoustics AC-202b Speech Recognition Stereo Headset,15.588,2,0.4,-9.8724
7269,CA-2016-133368,14-01-2016,20-01-2016,Standard Class,AG-10675,Anna Gayman,Consumer,United States,Concord,North Carolina,28027,South,OFF-PA-10004039,Office Supplies,Paper,Xerox 1882,89.568,2,0.2,32.4684
3743,CA-2016-137848,15-01-2016,21-01-2016,Standard Class,WB-21850,William Brown,Consumer,United States,New York City,New York,10011,East,OFF-PA-10004285,Office Supplies,Paper,Xerox 1959,60.12,9,0,28.8576
26,CA-2016-121755,16-01-2016,20-01-2016,Second Class,EH-13945,Eric Hoffmann,Consumer,United States,Los Angeles,California,90049,West,OFF-BI-10001634,Office Supplies,Binders,Wilson Jones Active Use Binders,11.648,2,0.2,4.2224
2303,CA-2016-106558,17-01-2016,21-01-2016,Standard Class,DL-13495,Dionis Lloyd,Corporate,United States,Columbus,Georgia,31907,South,TEC-AC-10001142,Technology,Accessories,First Data FD10 PIN Pad,316,4,0,31.6
2877,US-2016-167339,21-01-2016,23-01-2016,Second Class,TD-20995,Tamara Dahlen,Consumer,United States,San Diego,California,92037,West,FUR-CH-10000785,Furniture,Chairs,Global Ergonomic Managers Chair,1013.488,7,0.2,76.0116
2471,US-2016-135923,22-01-2016,28-01-2016,Standard Class,CM-11935,Carlos Meador,Consumer,United States,Fayetteville,North Carolina,28314,South,FUR-FU-10002107,Furniture,Furnishings,Eldon Pizzaz Desk Accessories,14.272,8,0.2,4.2816
9148,US-2016-165505,23-01-2016,27-01-2016,Standard Class,CB-12535,Claudia Bergmann,Corporate,United States,Burlington,Vermont,5408,East,OFF-AR-10003477,Office Supplies,Art,4009 Highlighters,8.04,6,0,2.7336
4612,CA-2016-109407,24-01-2016,26-01-2016,Second Class,HG-14965,Henry Goldwyn,Corporate,United States,Gulfport,Mississippi,39503,South,OFF-BI-10000285,Office Supplies,Binders,XtraLife ClearVue Slant-D Ring Binders by Cardinal,31.36,4,0,15.68
9360,CA-2016-168046,25-01-2016,28-01-2016,Second Class,JD-15895,Jonathan Doherty,Corporate,United States,New York City,New York,10024,East,FUR-FU-10000747,Furniture,Furnishings,Tenex B1-RE Series Chair Mats for Low Pile Carpets,45.98,1,0,7.8166
8613,CA-2016-146437,28-01-2016,01-02-2016,Second Class,HG-14965,Henry Goldwyn,Corporate,United States,Los Angeles,California,90036,West,OFF-AR-10000588,Office Supplies,Art,Newell 345,39.68,2,0,10.3168
8927,CA-2016-168032,30-01-2016,03-02-2016,Standard Class,DF-13135,David Flashing,Consumer,United States,Rockford,Illinois,61107,Central,FUR-TA-10004256,Furniture,Tables,Bretford “Just In Time” Height-Adjustable Multi-Task Work Tables,626.1,3,0.5,-538.446
8762,CA-2016-159891,31-01-2016,06-02-2016,Standard Class,BF-11170,Ben Ferrer,Home Office,United States,Atlanta,Georgia,30318,South,OFF-EN-10004483,Office Supplies,Envelopes,#10 White Business Envelopes 4 1/8 x 9 1/2,125.36,8,0,58.9192
8404,CA-2016-154067,01-02-2016,07-02-2016,Standard Class,SM-20950,Suzanne McNair,Corporate,United States,Los Angeles,California,90036,West,OFF-PA-10002254,Office Supplies,Paper,Xerox 1883,105.52,4,0,48.5392
8513,CA-2016-144645,02-02-2016,08-02-2016,Standard Class,NS-18640,Noel Staavos,Corporate,United States,Houston,Texas,77041,Central,FUR-FU-10003601,Furniture,Furnishings,Deflect-o RollaMat Studded  Beveled Mat for Medium Pile Carpeting,73.784,2,0.6,-77.4732
5754,CA-2016-118514,03-02-2016,10-02-2016,Standard Class,LC-17050,Liz Carlisle,Consumer,United States,Richmond,Kentucky,40475,South,FUR-CH-10000015,Furniture,Chairs,Hon Multipurpose Stacking Arm Chairs,866.4,4,0,225.264
6043,CA-2016-117912,04-02-2016,08-02-2016,Standard Class,TB-21520,Tracy Blumstein,Consumer,United States,Sierra Vista,Arizona,85635,West,FUR-FU-10002088,Furniture,Furnishings,Nu-Dell Float Frame 11 x 14 1/2,14.368,2,0.2,3.9512
1390,US-2016-108504,05-02-2016,05-02-2016,Same Day,PP-18955,Paul Prost,Home Office,United States,Smyrna,Georgia,30080,South,TEC-PH-10003645,Technology,Phones,Aastra 57i VoIP phone,484.83,3,0,126.0558
5810,CA-2016-125017,06-02-2016,11-02-2016,Standard Class,KB-16240,Karen Bern,Corporate,United States,Chattanooga,Tennessee,37421,South,FUR-FU-10000723,Furniture,Furnishings,Deflect-o EconoMat Studded  No Bevel Mat for Low Pile Carpeting,132.224,4,0.2,-18.1808
1729,CA-2016-106894,07-02-2016,07-02-2016,Same Day,CA-12265,Christina Anderson,Consumer,United States,Springfield,Virginia,22153,South,TEC-AC-10003063,Technology,Accessories,Micro Innovations USB RF Wireless Keyboard with Mouse,100,4,0,21
8383,CA-2016-163048,08-02-2016,15-02-2016,Standard Class,MH-17440,Mark Haberlin,Corporate,United States,Houston,Texas,77036,Central,FUR-CH-10001270,Furniture,Chairs,Harbour Creations Steel Folding Chair,241.5,4,0.3,0
8843,US-2016-112396,09-02-2016,13-02-2016,Standard Class,JR-16210,Justin Ritter,Corporate,United States,San Francisco,California,94110,West,TEC-AC-10004761,Technology,Accessories,Maxell 4.7GB DVD+RW 3/Pack,31.86,2,0,11.151
1809,CA-2016-164938,11-02-2016,13-02-2016,First Class,PB-19210,Phillip Breyer,Corporate,United States,Tulsa,Oklahoma,74133,Central,TEC-PH-10004897,Technology,Phones,Mediabridge Sport Armband iPhone 5s,69.93,7,0,0.6993
7195,CA-2016-110492,12-02-2016,14-02-2016,First Class,JS-15880,John Stevenson,Consumer,United States,Atlanta,Georgia,30318,South,OFF-BI-10003274,Office Supplies,Binders,Avery Durable Slant Ring Binders  No Labels,15.92,4,0,7.4824
721,CA-2016-112942,13-02-2016,18-02-2016,Standard Class,RD-19810,Ross DeVincentis,Home Office,United States,Los Angeles,California,90045,West,OFF-PA-10004092,Office Supplies,Paper,Tops Green Bar Computer Printout Paper,146.82,3,0,73.41
7812,CA-2016-134334,14-02-2016,15-02-2016,First Class,DK-13090,Dave Kipp,Consumer,United States,Clinton,Maryland,20735,East,OFF-AR-10001770,Office Supplies,Art,Economy #2 Pencils,7.98,3,0,2.0748
1244,US-2016-162859,15-02-2016,22-02-2016,Standard Class,PG-18820,Patrick Gardner,Consumer,United States,New York City,New York,10009,East,OFF-FA-10000304,Office Supplies,Fasteners,Advantus Push Pins,8.72,4,0,3.5752
1821,CA-2016-168956,16-02-2016,20-02-2016,Standard Class,EA-14035,Erin Ashbrook,Corporate,United States,Chicago,Illinois,60623,Central,OFF-AP-10004233,Office Supplies,Appliances,Honeywell Enviracaire Portable Air Cleaner for up to 8 x 10 Room,92.064,6,0.8,-225.5568
855,CA-2016-123274,19-02-2016,24-02-2016,Standard Class,GT-14710,Greg Tran,Consumer,United States,New York City,New York,10035,East,OFF-ST-10000736,Office Supplies,Storage,Carina Double Wide Media Storage Towers in Natural & Black,242.94,3,0,9.7176
3456,CA-2016-166485,20-02-2016,27-02-2016,Standard Class,AH-10210,Alan Hwang,Consumer,United States,Nashville,Tennessee,37211,South,OFF-PA-10004996,Office Supplies,Paper,"Speediset Carbonless Redi-Letter 7"" x 8 1/2""",16.496,2,0.2,5.5674
5307,US-2016-168410,21-02-2016,26-02-2016,Standard Class,BV-11245,Benjamin Venier,Corporate,United States,Oceanside,New York,11572,East,OFF-ST-10000036,Office Supplies,Storage,Recycled Data-Pak for Archival Bound Computer Printouts  12-1/2 x 12-1/2 x 16,296.37,3,0,80.0199
2345,CA-2016-119025,22-02-2016,28-02-2016,Standard Class,PV-18985,Paul Van Hugh,Home Office,United States,Milwaukee,Wisconsin,53209,Central,OFF-AP-10001205,Office Supplies,Appliances,Belkin 5 Outlet SurgeMaster Power Centers,490.32,9,0,137.2896
6237,CA-2016-144400,23-02-2016,27-02-2016,Standard Class,AC-10420,Alyssa Crouse,Corporate,United States,Philadelphia,Pennsylvania,19120,East,OFF-EN-10004386,Office Supplies,Envelopes,Recycled Interoffice Envelopes with String and Button Closure  10 x 13,57.576,3,0.2,21.591
2742,CA-2016-165015,25-02-2016,27-02-2016,Second Class,BD-11725,Bruce Degenhardt,Consumer,United States,Newark,Ohio,43055,East,OFF-EN-10003134,Office Supplies,Envelopes,Staple envelope,46.72,5,0.2,17.52
1579,CA-2016-102456,27-02-2016,01-03-2016,First Class,DL-12865,Dan Lawera,Consumer,United States,New York City,New York,10011,East,OFF-AP-10004336,Office Supplies,Appliances,Conquest 14 Commercial Heavy-Duty Upright Vacuum  Collection System  Accessory Kit,170.88,3,0,49.5552
9063,CA-2016-101623,28-02-2016,06-03-2016,Standard Class,RR-19525,Rick Reed,Corporate,United States,New York City,New York,10035,East,OFF-FA-10003495,Office Supplies,Fasteners,Staples,36.48,6,0,18.24
3758,CA-2016-111283,29-02-2016,04-03-2016,Standard Class,LC-16870,Lena Cacioppo,Consumer,United States,Newark,Ohio,43055,East,OFF-AR-10001615,Office Supplies,Art,Newell 34,111.104,7,0.2,8.3328
1085,US-2016-143819,01-03-2016,05-03-2016,Standard Class,KD-16270,Karen Daniels,Consumer,United States,Yonkers,New York,10701,East,OFF-ST-10003208,Office Supplies,Storage,Adjustable Depth Letter/Legal Cart,362.92,2,0,105.2468
3757,CA-2016-116799,03-03-2016,06-03-2016,First Class,JG-15310,Jason Gross,Corporate,United States,Odessa,Texas,79762,Central,FUR-CH-10004983,Furniture,Chairs,Office Star - Mid Back Dual function Ergonomic High Back Chair with 2-Way Adjustable Arms,563.43,5,0.3,-56.343
3265,CA-2016-122518,04-03-2016,08-03-2016,Second Class,RF-19345,Randy Ferguson,Corporate,United States,Miami,Florida,33180,South,OFF-LA-10001641,Office Supplies,Labels,Avery 518,10.08,4,0.2,3.528
919,CA-2016-165218,05-03-2016,11-03-2016,Standard Class,RW-19630,Rob Williams,Corporate,United States,Dallas,Texas,75220,Central,OFF-EN-10000056,Office Supplies,Envelopes,Cameo Buff Policy Envelopes,149.352,3,0.2,50.4063
8444,US-2016-155173,06-03-2016,10-03-2016,Standard Class,JB-16045,Julia Barnett,Home Office,United States,Philadelphia,Pennsylvania,19120,East,OFF-BI-10002982,Office Supplies,Binders,Avery Self-Adhesive Photo Pockets for Polaroid Photos,2.043,1,0.7,-1.4982
839,US-2016-137547,07-03-2016,12-03-2016,Standard Class,EB-13705,Ed Braxton,Corporate,United States,Fort Worth,Texas,76106,Central,TEC-PH-10002365,Technology,Phones,Belkin Grip Candy Sheer Case / Cover for iPhone 5 and 5S,21.072,3,0.2,1.5804
7235,CA-2016-137337,08-03-2016,12-03-2016,Standard Class,GB-14575,Giulietta Baptist,Consumer,United States,New York City,New York,10011,East,OFF-PA-10001934,Office Supplies,Paper,Xerox 1993,12.96,2,0,6.3504
8335,CA-2016-153269,09-03-2016,12-03-2016,First Class,PS-18760,Pamela Stobb,Consumer,United States,Andover,Massachusetts,1810,East,OFF-BI-10004632,Office Supplies,Binders,GBC Binding covers,51.8,4,0,23.31
4063,US-2016-122182,10-03-2016,14-03-2016,Standard Class,BD-11770,Bryan Davis,Consumer,United States,Philadelphia,Pennsylvania,19143,East,TEC-AC-10002800,Technology,Accessories,Plantronics Audio 478 Stereo USB Headset,39.992,1,0.2,7.4985
2759,CA-2016-146171,11-03-2016,15-03-2016,Standard Class,JP-16135,Julie Prescott,Home Office,United States,Columbus,Georgia,31907,South,FUR-FU-10004270,Furniture,Furnishings,"Executive Impressions 13"" Clairmont Wall Clock",76.92,4,0,31.5372
5960,CA-2016-127138,12-03-2016,15-03-2016,Second Class,DK-13225,Dean Katz,Corporate,United States,San Francisco,California,94109,West,FUR-CH-10003746,Furniture,Chairs,Hon 4070 Series Pagoda Round Back Stacking Chairs,770.352,3,0.2,77.0352
2346,CA-2016-159373,13-03-2016,18-03-2016,Standard Class,LT-17110,Liz Thompson,Consumer,United States,San Antonio,Texas,78207,Central,OFF-PA-10000659,Office Supplies,Paper,TOPS Carbonless Receipt Book  Four 2-3/4 x 7-1/4 Money Receipts per Page,70.08,5,0.2,24.528
3930,CA-2016-162082,14-03-2016,17-03-2016,First Class,JS-15880,John Stevenson,Consumer,United States,Harlingen,Texas,78550,Central,OFF-PA-10001934,Office Supplies,Paper,Xerox 1993,5.184,1,0.2,1.8792
1615,US-2016-113509,15-03-2016,19-03-2016,Standard Class,PL-18925,Paul Lucas,Home Office,United States,Philadelphia,Pennsylvania,19143,East,TEC-AC-10004855,Technology,Accessories,V7 USB Numeric Keypad,83.976,3,0.2,-13.6461
4402,CA-2016-131737,17-03-2016,17-03-2016,Same Day,GZ-14470,Gary Zandusky,Consumer,United States,Columbia,Maryland,21044,East,FUR-FU-10004306,Furniture,Furnishings,Electrix Halogen Magnifier Lamp,971.5,5,0,252.59
6474,CA-2016-113292,18-03-2016,20-03-2016,Second Class,DB-13060,Dave Brooks,Consumer,United States,Columbia,Tennessee,38401,South,OFF-AP-10003590,Office Supplies,Appliances,Hoover WindTunnel Plus Canister Vacuum,871.8,3,0.2,87.18
2854,CA-2016-136371,19-03-2016,21-03-2016,Second Class,SV-20935,Susan Vittorini,Consumer,United States,Oceanside,New York,11572,East,FUR-FU-10000221,Furniture,Furnishings,Master Caster Door Stop  Brown,20.32,4,0,6.9088
592,US-2016-156986,20-03-2016,24-03-2016,Standard Class,ZC-21910,Zuschuss Carroll,Consumer,United States,Salem,Oregon,97301,West,OFF-PA-10004101,Office Supplies,Paper,Xerox 1894,10.368,2,0.2,3.6288
3173,US-2016-133879,21-03-2016,28-03-2016,Standard Class,KT-16465,Kean Takahito,Consumer,United States,Chicago,Illinois,60623,Central,FUR-CH-10000665,Furniture,Chairs,Global Airflow Leather Mesh Back Chair  Black,528.43,5,0.3,0
1672,CA-2016-107615,22-03-2016,25-03-2016,First Class,RB-19645,Robert Barroso,Corporate,United States,North Las Vegas,Nevada,89031,West,TEC-AC-10001013,Technology,Accessories,Logitech ClearChat Comfort/USB Headset H390,58.58,2,0,19.3314
9131,CA-2016-130911,24-03-2016,26-03-2016,Second Class,DC-12850,Dan Campbell,Consumer,United States,Cleveland,Ohio,44105,East,OFF-AR-10000475,Office Supplies,Art,Hunt BOSTON Vista Battery-Operated Pencil Sharpener  Black,18.656,2,0.2,1.6324
3371,CA-2016-134887,25-03-2016,25-03-2016,Same Day,TB-21280,Toby Braunhardt,Consumer,United States,Norman,Oklahoma,73071,Central,TEC-AC-10003832,Technology,Accessories,Logitech P710e Mobile Speakerphone,1287.45,5,0,244.6155
664,CA-2016-123666,26-03-2016,30-03-2016,Standard Class,SP-20545,Sibella Parks,Corporate,United States,New York City,New York,10011,East,OFF-ST-10001522,Office Supplies,Storage,Gould Plastics 18-Pocket Panel Bin  34w x 5-1/4d x 20-1/2h,459.95,5,0,18.398
8547,CA-2016-119074,27-03-2016,31-03-2016,Standard Class,DS-13180,David Smith,Corporate,United States,Columbus,Georgia,31907,South,OFF-BI-10000962,Office Supplies,Binders,"Acco Flexible ACCOHIDE Square Ring Data Binder  Dark Blue  11 1/2"" X 14"" 7/8""",32.54,2,0,15.9446
7159,CA-2016-131380,28-03-2016,31-03-2016,Second Class,CC-12220,Chris Cortes,Consumer,United States,Los Angeles,California,90032,West,OFF-PA-10001243,Office Supplies,Paper,Xerox 1983,5.98,1,0,2.9302
3553,CA-2016-152555,29-03-2016,02-04-2016,Second Class,ME-17320,Maria Etezadi,Home Office,United States,Chicago,Illinois,60653,Central,TEC-PH-10001254,Technology,Phones,Jabra BIZ 2300 Duo QD Duo Corded Headset,812.736,8,0.2,60.9552
1328,CA-2016-128258,30-03-2016,01-04-2016,First Class,CP-12085,Cathy Prescott,Corporate,United States,Norwich,Connecticut,6360,East,OFF-PA-10004156,Office Supplies,Paper,Xerox 188,11.34,1,0,5.5566
5422,US-2016-151827,31-03-2016,02-04-2016,Second Class,CS-11950,Carlos Soltero,Consumer,United States,Philadelphia,Pennsylvania,19134,East,TEC-AC-10003289,Technology,Accessories,Anker Ultra-Slim Mini Bluetooth 3.0 Wireless Keyboard,31.984,2,0.2,1.1994
4092,CA-2016-161473,01-04-2016,05-04-2016,Standard Class,TB-21175,Thomas Boland,Corporate,United States,New York City,New York,10035,East,OFF-BI-10003305,Office Supplies,Binders,Avery Hanging File Binders,14.352,3,0.2,4.6644
8563,CA-2016-123540,02-04-2016,06-04-2016,Second Class,DJ-13420,Denny Joy,Corporate,United States,Milwaukee,Wisconsin,53209,Central,FUR-CH-10000847,Furniture,Chairs,Global Executive Mid-Back Manager's Chair,1454.9,5,0,378.274
5059,CA-2016-120796,03-04-2016,07-04-2016,Standard Class,CS-11950,Carlos Soltero,Consumer,United States,Philadelphia,Pennsylvania,19140,East,OFF-BI-10004330,Office Supplies,Binders,GBC Velobind Prepunched Cover Sets  Regency Series,99.846,9,0.7,-83.205
4243,CA-2016-159142,04-04-2016,05-04-2016,First Class,ME-17320,Maria Etezadi,Home Office,United States,Springfield,Virginia,22153,South,TEC-PH-10001448,Technology,Phones,Anker Astro 15000mAh USB Portable Charger,149.97,3,0,5.9988
89,CA-2016-159695,05-04-2016,10-04-2016,Second Class,GM-14455,Gary Mitchum,Home Office,United States,Houston,Texas,77095,Central,OFF-ST-10003442,Office Supplies,Storage,Eldon Portable Mobile Manager,158.368,7,0.2,13.8572
8799,US-2016-150140,06-04-2016,10-04-2016,Standard Class,VM-21685,Valerie Mitchum,Home Office,United States,Burlington,Vermont,5408,East,TEC-PH-10002555,Technology,Phones,Nortel Meridian M5316 Digital phone,1294.75,5,0,336.635
9935,CA-2016-114405,07-04-2016,12-04-2016,Standard Class,AS-10240,Alan Shonely,Consumer,United States,Philadelphia,Pennsylvania,19120,East,OFF-AP-10003278,Office Supplies,Appliances,Belkin 7-Outlet SurgeMaster Home Series,33.528,3,0.2,2.5146
905,CA-2016-130477,08-04-2016,12-04-2016,Standard Class,LC-17140,Logan Currie,Consumer,United States,Los Angeles,California,90032,West,OFF-ST-10002583,Office Supplies,Storage,Fellowes Neat Ideas Storage Cubes,64.96,2,0,2.5984
5400,CA-2016-117681,09-04-2016,14-04-2016,Standard Class,HF-14995,Herbert Flentye,Consumer,United States,Los Angeles,California,90004,West,FUR-BO-10001798,Furniture,Bookcases,Bush Somerset Collection Bookcase,556.665,5,0.15,6.549
4500,CA-2016-124814,10-04-2016,16-04-2016,Standard Class,FM-14215,Filia McAdams,Corporate,United States,Bakersfield,California,93309,West,OFF-PA-10002787,Office Supplies,Paper,Xerox 227,12.96,2,0,6.2208
9135,CA-2016-124254,12-04-2016,17-04-2016,Standard Class,TB-21175,Thomas Boland,Corporate,United States,Wilson,North Carolina,27893,South,OFF-ST-10001469,Office Supplies,Storage,Fellowes Bankers Box Recycled Super Stor/Drawer,129.552,3,0.2,-22.6716
7775,CA-2016-152800,13-04-2016,15-04-2016,First Class,SP-20920,Susan Pistek,Consumer,United States,San Francisco,California,94109,West,OFF-EN-10001509,Office Supplies,Envelopes,Poly String Tie Envelopes,6.12,3,0,2.8764
5890,CA-2016-166625,14-04-2016,17-04-2016,First Class,JM-15580,Jill Matthias,Consumer,United States,Baltimore,Maryland,21215,East,OFF-BI-10002414,Office Supplies,Binders,GBC ProClick Spines for 32-Hole Punch,25.06,2,0,11.7782
431,US-2016-123750,15-04-2016,21-04-2016,Standard Class,RB-19795,Ross Baird,Home Office,United States,Gastonia,North Carolina,28052,South,TEC-AC-10004659,Technology,Accessories,Imation Secure+ Hardware Encrypted USB 2.0 Flash Drive; 16GB,408.744,7,0.2,76.6395
7131,CA-2016-166282,16-04-2016,22-04-2016,Standard Class,PK-19075,Pete Kriz,Consumer,United States,Nashville,Tennessee,37211,South,OFF-PA-10003022,Office Supplies,Paper,Standard Line “While You Were Out” Hardbound Telephone Message Book,123.088,7,0.2,40.0036
3989,US-2016-159415,17-04-2016,22-04-2016,Standard Class,CS-12175,Charles Sheldon,Corporate,United States,Columbia,Tennessee,38401,South,FUR-FU-10003798,Furniture,Furnishings,"Ultra Door Kickplate  8""H x 34""W",79.12,5,0.2,13.846
8453,CA-2016-125087,18-04-2016,23-04-2016,Standard Class,TH-21115,Thea Hudgings,Corporate,United States,Houston,Texas,77070,Central,FUR-CH-10002880,Furniture,Chairs,Global High-Back Leather Tilter  Burgundy,344.372,4,0.3,-93.4724
1609,US-2016-115819,19-04-2016,24-04-2016,Second Class,JO-15280,Jas O'Carroll,Consumer,United States,Los Angeles,California,90049,West,OFF-PA-10002377,Office Supplies,Paper,"Adams Telephone Message Book W/Dividers/Space For Phone Numbers  5 1/4""X8 1/2""  200/Messages",22.72,4,0,10.224
9207,CA-2016-146423,21-04-2016,21-04-2016,Same Day,BT-11680,Brian Thompson,Consumer,United States,Milford,Connecticut,6460,East,OFF-PA-10003797,Office Supplies,Paper,Xerox 209,51.84,8,0,24.8832
9504,CA-2016-101329,22-04-2016,29-04-2016,Standard Class,MM-17920,Michael Moore,Consumer,United States,Rome,New York,13440,East,OFF-AR-10003190,Office Supplies,Art,Newell 32,2.88,1,0,0.8064
359,CA-2016-130001,23-04-2016,28-04-2016,Standard Class,HK-14890,Heather Kirkland,Corporate,United States,Charlotte,North Carolina,28205,South,OFF-PA-10002666,Office Supplies,Paper,Southworth 25% Cotton Linen-Finish Paper & Envelopes,36.24,5,0.2,11.325
4988,CA-2016-149279,24-04-2016,28-04-2016,Standard Class,CL-12700,Craig Leslie,Home Office,United States,Colorado Springs,Colorado,80906,West,FUR-CH-10004287,Furniture,Chairs,SAFCO Arco Folding Chair,1325.76,6,0.2,149.148
334,US-2016-150147,25-04-2016,29-04-2016,Second Class,JL-15850,John Lucas,Consumer,United States,Philadelphia,Pennsylvania,19134,East,OFF-BI-10001982,Office Supplies,Binders,Wilson Jones Custom Binder Spines & Labels,4.896,3,0.7,-3.4272
4648,CA-2016-139556,26-04-2016,01-05-2016,Standard Class,DB-13360,Dennis Bolton,Home Office,United States,New York City,New York,10009,East,FUR-CH-10004983,Furniture,Chairs,Office Star - Mid Back Dual function Ergonomic High Back Chair with 2-Way Adjustable Arms,434.646,3,0.1,62.7822
7913,CA-2016-167605,28-04-2016,30-04-2016,Second Class,RB-19570,Rob Beeghly,Consumer,United States,Saint Charles,Illinois,60174,Central,FUR-FU-10001602,Furniture,Furnishings,"Eldon Delta Triangular Chair Mat  52"" x 58""  Clear",30.344,2,0.6,-31.8612
1716,CA-2016-154788,30-04-2016,04-05-2016,Standard Class,JL-15835,John Lee,Consumer,United States,New York City,New York,10011,East,OFF-BI-10003314,Office Supplies,Binders,Tuff Stuff Recycled Round Ring Binders,7.712,2,0.2,2.7956
5862,CA-2016-101525,01-05-2016,04-05-2016,Second Class,CM-12235,Chris McAfee,Consumer,United States,Little Rock,Arkansas,72209,South,OFF-PA-10001497,Office Supplies,Paper,Xerox 1914,109.92,2,0,53.8608
9853,CA-2016-158155,02-05-2016,06-05-2016,Standard Class,EH-13765,Edward Hooks,Corporate,United States,New York City,New York,10009,East,OFF-PA-10000533,Office Supplies,Paper,Southworth Parchment Paper & Envelopes,13.08,2,0,6.0168
9564,CA-2016-129280,03-05-2016,05-05-2016,First Class,SM-20905,Susan MacKendrick,Consumer,United States,Newark,Ohio,43055,East,OFF-LA-10000081,Office Supplies,Labels,Avery 496,6,2,0.2,2.1
2820,CA-2016-160500,05-05-2016,08-05-2016,First Class,DM-13015,Darrin Martin,Consumer,United States,Encinitas,California,92024,West,OFF-BI-10003784,Office Supplies,Binders,Computer Printout Index Tabs,6.72,5,0.2,2.352
9676,CA-2016-137393,06-05-2016,10-05-2016,Standard Class,GM-14500,Gene McClure,Consumer,United States,Bakersfield,California,93309,West,FUR-FU-10001617,Furniture,Furnishings,"Executive Impressions 8-1/2"" Career Panel/Partition Cubicle Clock",41.6,4,0,14.144
2185,CA-2016-128818,07-05-2016,11-05-2016,Standard Class,CJ-12010,Caroline Jumper,Consumer,United States,New York City,New York,10009,East,FUR-FU-10001940,Furniture,Furnishings,Staple-based wall hangings,63.68,8,0,28.0192
1631,CA-2016-106530,08-05-2016,08-05-2016,Same Day,CL-12565,Clay Ludtke,Consumer,United States,Cleveland,Ohio,44105,East,OFF-ST-10002011,Office Supplies,Storage,Smead Adjustable Mobile File Trolley with Lockable Top,1006.056,3,0.2,88.0299
8919,US-2016-144057,09-05-2016,13-05-2016,Standard Class,CV-12805,Cynthia Voltz,Corporate,United States,Austin,Texas,78745,Central,OFF-BI-10002353,Office Supplies,Binders,GBC VeloBind Cover Sets,18.528,6,0.8,-27.792
6573,CA-2016-161543,10-05-2016,16-05-2016,Standard Class,RD-19720,Roger Demir,Consumer,United States,Seattle,Washington,98105,West,OFF-PA-10003971,Office Supplies,Paper,Xerox 1965,11.96,2,0,5.8604
161,CA-2016-162733,11-05-2016,12-05-2016,First Class,TT-21070,Ted Trevino,Consumer,United States,Los Angeles,California,90045,West,OFF-PA-10002751,Office Supplies,Paper,Xerox 1920,5.98,1,0,2.691
9497,US-2016-123610,12-05-2016,16-05-2016,Standard Class,VM-21835,Vivian Mathis,Consumer,United States,Mission Viejo,California,92691,West,OFF-AP-10002222,Office Supplies,Appliances,Staple holder,8.67,1,0,2.3409
4800,US-2016-148901,14-05-2016,19-05-2016,Standard Class,MK-17905,Michael Kennedy,Corporate,United States,Jacksonville,Florida,32216,South,TEC-PH-10003988,Technology,Phones,LF Elite 3D Dazzle Designer Hard Case Cover  Lf Stylus Pen and Wiper For Apple Iphone 5c Mini Lite,43.6,5,0.2,4.36
4830,CA-2016-152408,15-05-2016,21-05-2016,Standard Class,TT-21220,Thomas Thornton,Consumer,United States,New York City,New York,10035,East,OFF-BI-10002393,Office Supplies,Binders,Binder Posts,13.776,3,0.2,4.4772
9610,CA-2016-130638,16-05-2016,19-05-2016,Second Class,SC-20095,Sanjit Chand,Consumer,United States,Los Angeles,California,90045,West,FUR-FU-10002116,Furniture,Furnishings,Tenex Carpeted  Granite-Look or Clear Contemporary Contour Shape Chair Mats,282.84,4,0,19.7988
1908,US-2016-150567,17-05-2016,21-05-2016,Standard Class,RP-19855,Roy Phan,Corporate,United States,Apopka,Florida,32712,South,OFF-BI-10000069,Office Supplies,Binders,GBC Prepunched Paper  19-Hole  for Binding Systems  24-lb,27.018,6,0.7,-21.6144
1677,CA-2016-122728,18-05-2016,24-05-2016,Standard Class,EB-13930,Eric Barreto,Consumer,United States,San Francisco,California,94110,West,OFF-ST-10000604,Office Supplies,Storage,Home/Office Personal File Carts,104.28,3,0,26.07
1717,CA-2016-169943,19-05-2016,24-05-2016,Standard Class,BN-11515,Bradley Nguyen,Consumer,United States,New York City,New York,10011,East,OFF-AP-10001563,Office Supplies,Appliances,Belkin Premiere Surge Master II 8-outlet surge protector,242.9,5,0,70.441
3968,CA-2016-146010,20-05-2016,23-05-2016,First Class,EH-14125,Eugene Hildebrand,Home Office,United States,Colorado Springs,Colorado,80906,West,OFF-BI-10003638,Office Supplies,Binders,GBC Durable Plastic Covers,40.635,7,0.7,-32.508
7069,CA-2016-114209,21-05-2016,26-05-2016,Standard Class,AS-10285,Alejandro Savely,Corporate,United States,Dallas,Texas,75081,Central,OFF-PA-10003591,Office Supplies,Paper,Southworth 100% Cotton The Best Paper,82.656,9,0.2,30.996
8456,CA-2016-154081,22-05-2016,29-05-2016,Standard Class,JE-15610,Jim Epp,Corporate,United States,Los Angeles,California,90049,West,TEC-PH-10001918,Technology,Phones,Nortel Business Series Terminal T7208 Digital phone,222.384,2,0.2,22.2384
6427,CA-2016-143714,23-05-2016,27-05-2016,Standard Class,CC-12370,Christopher Conant,Consumer,United States,Philadelphia,Pennsylvania,19120,East,OFF-BI-10004308,Office Supplies,Binders,Avery Legal 4-Ring Binder,6.294,1,0.7,-4.196
8482,CA-2016-138583,24-05-2016,28-05-2016,Standard Class,DP-13390,Dennis Pardue,Home Office,United States,Philadelphia,Pennsylvania,19120,East,OFF-AR-10001860,Office Supplies,Art,BIC Liqua Brite Liner,16.656,3,0.2,3.3312
2986,CA-2016-139269,25-05-2016,30-05-2016,Standard Class,JB-16045,Julia Barnett,Home Office,United States,Columbus,Georgia,31907,South,FUR-FU-10000755,Furniture,Furnishings,Eldon Expressions Mahogany Wood Desk Collection,24.96,4,0,6.24
