RowID,OrderID,OrderDate,ShipDate,ShipMode,CustomerID,CustomerName,Segment,Address_Country,Address_City,Address_State,Address_Postal_Code,Address_Region,Product_ID,Category,Sub_Category,Product_Name,Sales,Quantity,Discount,Profit
7981,CA-2014-103800,03-01-2014,07-01-2014,Standard Class,DP-13000,Darren Powers,Consumer,United States,Houston,Texas,77095,Central,OFF-PA-10000174,Office Supplies,Paper,"Message Book  Wirebound  Four 5 1/2"" X 4"" Forms/Pg.  200 Dupl. Sets/Book",16.448,2,0.2,5.5512
742,CA-2014-112326,04-01-2014,08-01-2014,Standard Class,PO-19195,Phillina Ober,Home Office,United States,Naperville,Illinois,60540,Central,OFF-BI-10004094,Office Supplies,Binders,GBC Standard Plastic Binding Systems Combs,3.54,2,0.8,-5.487
1760,CA-2014-141817,05-01-2014,12-01-2014,Standard Class,MB-18085,Mick Brown,Consumer,United States,Philadelphia,Pennsylvania,19143,East,OFF-AR-10003478,Office Supplies,Art,Avery Hi-Liter EverBold Pen Style Fluorescent Highlighters  4/Pack,19.536,3,0.2,4.884
7181,CA-2014-106054,06-01-2014,07-01-2014,First Class,JO-15145,Jack O'Briant,Corporate,United States,Athens,Georgia,30605,South,OFF-AR-10002399,Office Supplies,Art,Dixon Prang Watercolor Pencils  10-Color Set with Brush,12.78,3,0,5.2398
7662,CA-2014-105417,07-01-2014,12-01-2014,Standard Class,VS-21820,Vivek Sundaresam,Consumer,United States,Huntsville,Texas,77340,Central,OFF-BI-10003708,Office Supplies,Binders,"Acco Four Pocket Poly Ring Binder with Label Holder  Smoke  1""",10.43,7,0.8,-18.2525
593,CA-2014-135405,09-01-2014,13-01-2014,Standard Class,MS-17830,Melanie Seite,Consumer,United States,Laredo,Texas,78041,Central,OFF-AR-10004078,Office Supplies,Art,Newell 312,9.344,2,0.2,1.168
867,CA-2014-149020,10-01-2014,15-01-2014,Standard Class,AJ-10780,Anthony Jacobs,Corporate,United States,Springfield,Virginia,22153,South,FUR-FU-10000965,Furniture,Furnishings,"Howard Miller 11-1/2"" Diameter Ridgewood Wall Clock",51.94,1,0,21.2954
717,CA-2014-130092,11-01-2014,14-01-2014,First Class,SV-20365,Seth Vernon,Consumer,United States,Dover,Delaware,19901,East,FUR-FU-10000010,Furniture,Furnishings,DAX Value U-Channel Document Frames  Easel Back,9.94,2,0,3.0814
764,CA-2014-162775,13-01-2014,15-01-2014,Second Class,CS-12250,Chris Selesnick,Corporate,United States,Bossier City,Louisiana,71111,South,OFF-EN-10001990,Office Supplies,Envelopes,Staple envelope,11.36,2,0,5.3392
6475,CA-2014-149524,14-01-2014,15-01-2014,First Class,BS-11590,Brendan Sweed,Corporate,United States,Philadelphia,Pennsylvania,19140,East,FUR-BO-10003433,Furniture,Bookcases,Sauder Cornerstone Collection Library,61.96,4,0.5,-53.2856
1914,CA-2014-103366,15-01-2014,17-01-2014,First Class,EH-13990,Erica Hackney,Consumer,United States,Roswell,Georgia,30076,South,TEC-AC-10003628,Technology,Accessories,Logitech 910-002974 M325 Wireless Mouse for Web Scrolling,149.95,5,0,65.978
971,CA-2014-115791,16-01-2014,18-01-2014,Second Class,DL-13315,Delfina Latchford,Consumer,United States,Philadelphia,Pennsylvania,19134,East,FUR-FU-10001095,Furniture,Furnishings,DAX Black Cherry Wood-Tone Poster Frame,127.104,6,0.2,28.5984
5365,CA-2014-123477,18-01-2014,21-01-2014,Second Class,DW-13195,David Wiener,Corporate,United States,Springfield,Oregon,97477,West,OFF-AP-10000692,Office Supplies,Appliances,Fellowes Mighty 8 Compact Surge Protector,64.864,4,0.2,6.4864
5463,CA-2014-146591,19-01-2014,20-01-2014,First Class,TS-21340,Toby Swindell,Consumer,United States,Scottsdale,Arizona,85254,West,OFF-BI-10003676,Office Supplies,Binders,GBC Standard Recycled Report Covers  Clear Plastic Sheets,32.34,10,0.7,-23.716
1124,US-2014-147627,20-01-2014,26-01-2014,Standard Class,HL-15040,Hunter Lopez,Consumer,United States,Jonesboro,Arkansas,72401,South,FUR-FU-10003194,Furniture,Furnishings,Eldon Expressions Desk Accessory  Wood Pencil Holder  Oak,38.6,4,0,11.58
9990,CA-2014-110422,21-01-2014,23-01-2014,Second Class,TB-21400,Tom Boeckenhauer,Consumer,United States,Miami,Florida,33180,South,FUR-FU-10001889,Furniture,Furnishings,Ultra Door Pull Handle,25.248,3,0.2,4.1028
9887,CA-2014-146997,23-01-2014,27-01-2014,Standard Class,SG-20605,Speros Goranitis,Consumer,United States,Lafayette,Indiana,47905,Central,OFF-FA-10003467,Office Supplies,Fasteners,Alliance Big Bands Rubber Bands  12/Pack,5.94,3,0,0
8150,CA-2014-167997,26-01-2014,29-01-2014,First Class,CA-11965,Carol Adams,Corporate,United States,Rapid City,South Dakota,57701,Central,OFF-BI-10001758,Office Supplies,Binders,Wilson Jones 14 Line Acrylic Coated Pressboard Data Binders,10.68,2,0,5.0196
3797,US-2014-117163,27-01-2014,02-02-2014,Standard Class,EJ-13720,Ed Jacobs,Consumer,United States,San Diego,California,92037,West,OFF-AR-10003179,Office Supplies,Art,Dixon Ticonderoga Core-Lock Colored Pencils,36.44,4,0,12.0252
3084,CA-2014-100328,28-01-2014,03-02-2014,Standard Class,JC-15340,Jasper Cacioppo,Consumer,United States,New York City,New York,10024,East,OFF-BI-10000343,Office Supplies,Binders,"Pressboard Covers with Storage Hooks  9 1/2"" x 11""  Light Blue",3.928,1,0.2,1.3257
6389,CA-2014-134103,30-01-2014,04-02-2014,Standard Class,MV-18190,Mike Vittorini,Consumer,United States,Detroit,Michigan,48234,Central,OFF-ST-10000991,Office Supplies,Storage,Space Solutions HD Industrial Steel Shelving.,229.94,2,0,6.8982
3366,CA-2014-115161,31-01-2014,02-02-2014,First Class,LC-17050,Liz Carlisle,Consumer,United States,Mission Viejo,California,92691,West,FUR-BO-10003966,Furniture,Bookcases,Sauder Facets Collection Library  Sky Alder Finish,290.666,2,0.15,3.4196
541,CA-2014-140795,01-02-2014,03-02-2014,First Class,BD-11500,Bradley Drucker,Consumer,United States,Green Bay,Wisconsin,54302,Central,TEC-AC-10001432,Technology,Accessories,Enermax Aurora Lite Keyboard,468.9,6,0,206.316
9139,CA-2014-123400,02-02-2014,09-02-2014,Standard Class,EB-13930,Eric Barreto,Consumer,United States,Saint Petersburg,Florida,33710,South,TEC-PH-10002890,Technology,Phones,AT&T 17929 Lendline Telephone,180.96,5,0.2,13.572
1519,CA-2014-111059,03-02-2014,06-02-2014,Second Class,TB-21400,Tom Boeckenhauer,Consumer,United States,Seattle,Washington,98105,West,OFF-BI-10002827,Office Supplies,Binders,Avery Durable Poly Binders,13.272,3,0.2,4.3134
1544,CA-2014-107181,04-02-2014,08-02-2014,Standard Class,DB-13270,Deborah Brumfield,Home Office,United States,San Diego,California,92024,West,OFF-BI-10004230,Office Supplies,Binders,GBC Recycled Grain Textured Covers,82.896,3,0.2,29.0136
2000,CA-2014-131905,06-02-2014,09-02-2014,First Class,ND-18460,Neil Ducich,Corporate,United States,Chesapeake,Virginia,23320,South,TEC-PH-10001615,Technology,Phones,AT&T CL82213,144.95,5,0,42.0355
8736,US-2014-169390,07-02-2014,10-02-2014,Second Class,CS-12250,Chris Selesnick,Corporate,United States,New York City,New York,10024,East,OFF-ST-10001558,Office Supplies,Storage,Acco Perma 4000 Stacking Storage Drawers,64.96,4,0,9.744
9267,CA-2014-125759,08-02-2014,09-02-2014,First Class,NM-18445,Nathan Mautz,Home Office,United States,North Las Vegas,Nevada,89031,West,FUR-FU-10002111,Furniture,Furnishings,Master Caster Door Stop  Large Brown,14.56,2,0,5.5328
5632,CA-2014-127614,11-02-2014,15-02-2014,Standard Class,NF-18385,Natalie Fritzler,Consumer,United States,Chesapeake,Virginia,23320,South,FUR-TA-10003715,Furniture,Tables,Hon 2111 Invitation Series Corner Table,1256.22,6,0,75.3732
457,US-2014-110674,12-02-2014,18-02-2014,Standard Class,SC-20095,Sanjit Chand,Consumer,United States,Concord,California,94521,West,FUR-CH-10000225,Furniture,Chairs,Global Geo Office Task Chair  Gray,129.568,2,0.2,-24.294
5467,CA-2014-107706,14-02-2014,19-02-2014,Second Class,ST-20530,Shui Tom,Consumer,United States,Houston,Texas,77095,Central,OFF-PA-10000466,Office Supplies,Paper,Memo Book  100 Message Capacity  5 3/8” x 11”,16.176,3,0.2,6.066
7438,CA-2014-165568,15-02-2014,19-02-2014,Standard Class,BF-11020,Barry Französisch,Corporate,United States,Seattle,Washington,98105,West,OFF-BI-10001031,Office Supplies,Binders,Pressboard Data Binders by Wilson Jones,21.36,5,0.2,7.209
1334,CA-2014-122567,16-02-2014,21-02-2014,Standard Class,MN-17935,Michael Nguyen,Consumer,United States,Dallas,Texas,75220,Central,OFF-AP-10001303,Office Supplies,Appliances,Holmes Cool Mist Humidifier for the Whole House with 8-Gallon Output per Day  Extended Life Filter,7.96,2,0.8,-13.93
9516,CA-2014-154165,17-02-2014,24-02-2014,Standard Class,DL-13315,Delfina Latchford,Consumer,United States,Chicago,Illinois,60653,Central,OFF-AR-10003631,Office Supplies,Art,Staples in misc. colors,54.208,14,0.2,8.8088
8223,CA-2014-152905,18-02-2014,24-02-2014,Standard Class,AB-10015,Aaron Bergman,Consumer,United States,Arlington,Texas,76017,Central,OFF-ST-10000321,Office Supplies,Storage,Akro Stacking Bins,12.624,2,0.2,-2.5248
8504,CA-2014-164903,20-02-2014,24-02-2014,Standard Class,SR-20740,Steven Roelle,Home Office,United States,Los Angeles,California,90049,West,OFF-PA-10003363,Office Supplies,Paper,Xerox 204,12.96,2,0,6.2208
2883,CA-2014-165540,21-02-2014,25-02-2014,Standard Class,TM-21010,Tamara Manning,Consumer,United States,Woodstock,Illinois,60098,Central,OFF-BI-10004094,Office Supplies,Binders,GBC Standard Plastic Binding Systems Combs,8.85,5,0.8,-13.7175
7611,CA-2014-133354,22-02-2014,24-02-2014,First Class,SA-20830,Sue Ann Reed,Consumer,United States,Moreno Valley,California,92553,West,OFF-PA-10001800,Office Supplies,Paper,Xerox 220,19.44,3,0,9.3312
6530,CA-2014-103744,23-02-2014,27-02-2014,Standard Class,MG-17875,Michael Grace,Home Office,United States,El Paso,Texas,79907,Central,OFF-LA-10004425,Office Supplies,Labels,Staple-on labels,6.936,3,0.2,2.3409
5512,US-2014-137680,24-02-2014,02-03-2014,Standard Class,JH-15430,Jennifer Halladay,Consumer,United States,Medford,Oregon,97504,West,OFF-PA-10000174,Office Supplies,Paper,"Message Book  Wirebound  Four 5 1/2"" X 4"" Forms/Pg.  200 Dupl. Sets/Book",32.896,4,0.2,11.1024
9464,CA-2014-156545,27-02-2014,03-03-2014,First Class,JS-16030,Joy Smith,Consumer,United States,Columbus,Ohio,43229,East,OFF-AR-10003560,Office Supplies,Art,Zebra Zazzle Fluorescent Highlighters,19.456,4,0.2,3.4048
158,CA-2014-104269,01-03-2014,06-03-2014,Second Class,DB-13060,Dave Brooks,Consumer,United States,Seattle,Washington,98115,West,FUR-CH-10004063,Furniture,Chairs,Global Deluxe High-Back Manager's Chair,457.568,2,0.2,51.4764
6059,CA-2014-107524,02-03-2014,08-03-2014,Standard Class,KN-16705,Kristina Nunn,Home Office,United States,New York City,New York,10009,East,OFF-PA-10000587,Office Supplies,Paper,Array Parchment Paper  Assorted Colors,36.4,5,0,17.472
1165,CA-2014-127964,03-03-2014,08-03-2014,Standard Class,AP-10720,Anne Pryor,Home Office,United States,New York City,New York,10035,East,OFF-BI-10003429,Office Supplies,Binders,Cardinal HOLDit! Binder Insert Strips Extra Strips,25.32,5,0.2,9.1785
1565,CA-2014-116239,04-03-2014,04-03-2014,Same Day,CL-12565,Clay Ludtke,Consumer,United States,Columbia,South Carolina,29203,South,OFF-ST-10001370,Office Supplies,Storage,Sensible Storage WireTech Storage Systems,354.9,5,0,17.745
8499,CA-2014-169061,05-03-2014,08-03-2014,Second Class,AB-10150,Aimee Bixby,Consumer,United States,Yonkers,New York,10701,East,OFF-SU-10000381,Office Supplies,Supplies,Acme Forged Steel Scissors with Black Enamel Handles,18.62,2,0,5.3998
4963,CA-2014-156587,07-03-2014,08-03-2014,First Class,AB-10015,Aaron Bergman,Consumer,United States,Seattle,Washington,98103,West,OFF-AR-10001427,Office Supplies,Art,Newell 330,17.94,3,0,4.6644
2101,US-2014-140116,10-03-2014,17-03-2014,Standard Class,KT-16480,Kean Thornton,Consumer,United States,Denver,Colorado,80219,West,OFF-ST-10000078,Office Supplies,Storage,Tennsco 6- and 18-Compartment Lockers,636.408,3,0.2,-15.9102
1542,CA-2014-166884,11-03-2014,16-03-2014,Second Class,CK-12205,Chloris Kastensmidt,Consumer,United States,Columbus,Ohio,43229,East,FUR-FU-10003981,Furniture,Furnishings,Eldon Wave Desk Accessories,8.32,5,0.2,2.288
4677,CA-2014-114510,14-03-2014,19-03-2014,Standard Class,JF-15295,Jason Fortune-,Consumer,United States,Logan,Utah,84321,West,OFF-BI-10001617,Office Supplies,Binders,GBC Wire Binding Combs,33.088,4,0.2,11.1672
603,CA-2014-149958,15-03-2014,19-03-2014,Standard Class,AS-10240,Alan Shonely,Consumer,United States,Tampa,Florida,33614,South,OFF-ST-10001490,Office Supplies,Storage,Hot File 7-Pocket  Floor Stand,142.776,1,0.2,17.847
3453,CA-2014-157609,16-03-2014,21-03-2014,Second Class,KN-16705,Kristina Nunn,Home Office,United States,Raleigh,North Carolina,27604,South,TEC-PH-10002415,Technology,Phones,Polycom VoiceStation 500 Conference phone,471.92,2,0.2,29.495
1349,CA-2014-118339,17-03-2014,24-03-2014,Standard Class,BN-11515,Bradley Nguyen,Consumer,United States,Lakeville,Minnesota,55044,Central,OFF-BI-10001758,Office Supplies,Binders,Wilson Jones 14 Line Acrylic Coated Pressboard Data Binders,53.4,10,0,25.098
2697,CA-2014-145317,18-03-2014,23-03-2014,Standard Class,SM-20320,Sean Miller,Home Office,United States,Jacksonville,Florida,32216,South,TEC-MA-10003626,Technology,Machines,Hewlett-Packard Deskjet 6540 Color Inkjet Printer,821.3,4,0.5,-16.426
6161,CA-2014-103989,19-03-2014,21-03-2014,First Class,MC-17605,Matt Connell,Corporate,United States,Lakeland,Florida,33801,South,TEC-PH-10004667,Technology,Phones,Cisco 8x8 Inc. 6753i IP Business Phone System,323.976,3,0.2,28.3479
7588,CA-2014-163223,21-03-2014,25-03-2014,Standard Class,KH-16690,Kristen Hastings,Corporate,United States,Springfield,Virginia,22153,South,OFF-BI-10001597,Office Supplies,Binders,"Wilson Jones Ledger-Size  Piano-Hinge Binder  2""  Blue",122.94,3,0,59.0112
2871,CA-2014-148040,22-03-2014,26-03-2014,Standard Class,BF-11275,Beth Fritzler,Corporate,United States,Tucson,Arizona,85705,West,OFF-PA-10002581,Office Supplies,Paper,Xerox 1951,74.352,3,0.2,23.235
3556,CA-2014-120838,23-03-2014,26-03-2014,Second Class,PO-18865,Patrick O'Donnell,Consumer,United States,Los Angeles,California,90036,West,TEC-PH-10003484,Technology,Phones,Ooma Telo VoIP Home Phone System,604.752,6,0.2,37.797
7802,CA-2014-143637,24-03-2014,29-03-2014,Second Class,MS-17710,Maurice Satty,Consumer,United States,Fresno,California,93727,West,FUR-FU-10002813,Furniture,Furnishings,DAX Contemporary Wood Frame with Silver Metal Mat  Desktop  11 x 14 Size,40.48,2,0,14.5728
9310,CA-2014-128237,25-03-2014,30-03-2014,Standard Class,CA-12265,Christina Anderson,Consumer,United States,San Francisco,California,94110,West,OFF-AR-10000034,Office Supplies,Art,BIC Brite Liner Grip Highlighters  Assorted  5/Pack,25.44,6,0,9.9216
9053,CA-2014-141838,26-03-2014,31-03-2014,Second Class,DK-12835,Damala Kotsonis,Corporate,United States,San Francisco,California,94122,West,OFF-BI-10003291,Office Supplies,Binders,Wilson Jones Leather-Like Binders with DublLock Round Rings,27.936,4,0.2,9.4284
9900,US-2014-117380,28-03-2014,03-04-2014,Standard Class,MP-18175,Mike Pelletier,Home Office,United States,Springfield,Ohio,45503,East,FUR-TA-10000198,Furniture,Tables,Chromcraft Bull-Nose Wood Oval Conference Tables & Bases,330.588,1,0.4,-143.2548
7306,CA-2014-137274,29-03-2014,02-04-2014,Standard Class,MG-18145,Mike Gockenbach,Consumer,United States,Plano,Texas,75023,Central,FUR-TA-10001889,Furniture,Tables,Bush Advantage Collection Racetrack Conference Table,890.841,3,0.3,-152.7156
6139,CA-2014-131247,30-03-2014,04-04-2014,Standard Class,GA-14725,Guy Armstrong,Consumer,United States,San Francisco,California,94110,West,FUR-BO-10001337,Furniture,Bookcases,O'Sullivan Living Dimensions 2-Shelf Bookcases,205.666,2,0.15,-12.098
5050,US-2014-104759,31-03-2014,04-04-2014,Standard Class,DD-13570,Dorothy Dickinson,Consumer,United States,Chicago,Illinois,60610,Central,TEC-AC-10004901,Technology,Accessories,Kensington SlimBlade Notebook Wireless Mouse with Nano Receiver ,79.984,2,0.2,13.9972
1373,US-2014-157021,01-04-2014,06-04-2014,Second Class,KM-16720,Kunst Miller,Consumer,United States,Vallejo,California,94591,West,OFF-LA-10002312,Office Supplies,Labels,Avery 490,29.6,2,0,14.8
5683,CA-2014-164315,02-04-2014,08-04-2014,Standard Class,RD-19585,Rob Dowd,Consumer,United States,Athens,Georgia,30605,South,OFF-PA-10004248,Office Supplies,Paper,Xerox 1990,15.84,3,0,7.128
9886,CA-2014-112291,03-04-2014,08-04-2014,Standard Class,KE-16420,Katrina Edelman,Corporate,United States,Los Angeles,California,90008,West,TEC-AC-10000736,Technology,Accessories,Logitech G600 MMO Gaming Mouse,159.98,2,0,57.5928
5121,CA-2014-149538,04-04-2014,08-04-2014,Standard Class,KB-16585,Ken Black,Corporate,United States,Lafayette,Louisiana,70506,South,OFF-ST-10004180,Office Supplies,Storage,Safco Commercial Shelving,232.55,5,0,9.302
9507,CA-2014-149104,05-04-2014,07-04-2014,Second Class,RD-19900,Ruben Dartt,Consumer,United States,Dearborn Heights,Michigan,48127,Central,OFF-AR-10002952,Office Supplies,Art,Stanley Contemporary Battery Pencil Sharpeners,26.7,2,0,7.476
1407,US-2014-118486,06-04-2014,08-04-2014,First Class,SD-20485,Shirley Daniels,Home Office,United States,Philadelphia,Pennsylvania,19143,East,TEC-AC-10004659,Technology,Accessories,Imation Secure+ Hardware Encrypted USB 2.0 Flash Drive; 16GB,116.784,2,0.2,21.897
6253,CA-2014-165806,07-04-2014,07-04-2014,Same Day,VM-21685,Valerie Mitchum,Home Office,United States,Marietta,Georgia,30062,South,OFF-PA-10003441,Office Supplies,Paper,Xerox 226,58.32,9,0,27.9936
3837,CA-2014-100363,08-04-2014,15-04-2014,Standard Class,JM-15655,Jim Mitchum,Corporate,United States,Glendale,Arizona,85301,West,OFF-PA-10004733,Office Supplies,Paper,Things To Do Today Spiral Book,19.008,3,0.2,6.8904
3775,US-2014-102715,11-04-2014,13-04-2014,Second Class,JK-15370,Jay Kimmel,Consumer,United States,Miami,Florida,33180,South,TEC-AC-10002001,Technology,Accessories,Logitech Wireless Gaming Headset G930,383.976,3,0.2,81.5949
2795,CA-2014-154599,12-04-2014,17-04-2014,Standard Class,KN-16450,Kean Nguyen,Corporate,United States,Redondo Beach,California,90278,West,TEC-PH-10000576,Technology,Phones,AT&T 1080 Corded phone,438.368,4,0.2,38.3572
6708,CA-2014-167724,13-04-2014,18-04-2014,Standard Class,BF-11170,Ben Ferrer,Home Office,United States,Baltimore,Maryland,21215,East,OFF-LA-10002368,Office Supplies,Labels,Avery 479,7.83,3,0,3.6018
7657,US-2014-120740,15-04-2014,15-04-2014,Same Day,PS-18970,Paul Stevenson,Home Office,United States,Los Angeles,California,90049,West,OFF-AP-10000240,Office Supplies,Appliances,Belkin F9G930V10-GRY 9 Outlet Surge,106.96,2,0,31.0184
404,CA-2014-155208,16-04-2014,20-04-2014,Standard Class,SP-20650,Stephanie Phelps,Corporate,United States,Wilmington,North Carolina,28403,South,OFF-AR-10003478,Office Supplies,Art,Avery Hi-Liter EverBold Pen Style Fluorescent Highlighters  4/Pack,39.072,6,0.2,9.768
6569,CA-2014-100678,18-04-2014,22-04-2014,Standard Class,KM-16720,Kunst Miller,Consumer,United States,Houston,Texas,77095,Central,OFF-AR-10001868,Office Supplies,Art,Prang Dustless Chalk Sticks,2.688,2,0.2,1.008
7844,CA-2014-158470,19-04-2014,23-04-2014,Second Class,AG-10390,Allen Goldenen,Consumer,United States,Arlington,Virginia,22204,South,OFF-PA-10001569,Office Supplies,Paper,Xerox 232,71.28,11,0,34.2144
6850,CA-2014-101462,20-04-2014,25-04-2014,Standard Class,BP-11230,Benjamin Patterson,Consumer,United States,Los Angeles,California,90045,West,FUR-FU-10000409,Furniture,Furnishings,GE 4 Foot Flourescent Tube  40 Watt,59.92,4,0,27.5632
9075,CA-2014-136336,21-04-2014,26-04-2014,Standard Class,DB-13555,Dorothy Badders,Corporate,United States,Henderson,Kentucky,42420,South,OFF-ST-10002574,Office Supplies,Storage,SAFCO Commercial Wire Shelving  Black,828.84,6,0,0
7165,CA-2014-122070,22-04-2014,24-04-2014,Second Class,AH-10030,Aaron Hawkins,Corporate,United States,Troy,New York,12180,East,OFF-BI-10004970,Office Supplies,Binders,"ACCOHIDE 3-Ring Binder  Blue  1""",9.912,3,0.2,3.3453
3408,US-2014-150119,23-04-2014,27-04-2014,Standard Class,LB-16795,Laurel Beltran,Home Office,United States,Columbus,Ohio,43229,East,OFF-BI-10000145,Office Supplies,Binders,Zipper Ring Binder Pockets,7.488,8,0.7,-5.2416
4377,CA-2014-166954,25-04-2014,30-04-2014,Standard Class,BT-11305,Beth Thompson,Home Office,United States,San Gabriel,California,91776,West,OFF-AP-10001391,Office Supplies,Appliances,Kensington 6 Outlet MasterPiece HOMEOFFICE Power Control Center,270.72,3,0,78.5088
7198,CA-2014-116785,26-04-2014,30-04-2014,Standard Class,MH-17290,Marc Harrigan,Home Office,United States,Los Angeles,California,90036,West,OFF-LA-10000305,Office Supplies,Labels,Avery 495,12.6,2,0,5.796
1774,CA-2014-118976,28-04-2014,03-05-2014,Standard Class,MY-18295,Muhammed Yedwab,Corporate,United States,Baltimore,Maryland,21215,East,OFF-BI-10001628,Office Supplies,Binders,"Acco Data Flex Cable Posts For Top & Bottom Load Binders  6"" Capacity",20.86,2,0,9.387
8267,CA-2014-118304,29-04-2014,04-05-2014,Standard Class,KH-16360,Katherine Hughes,Consumer,United States,Dover,Delaware,19901,East,TEC-PH-10000376,Technology,Phones,Square Credit Card Reader,19.98,2,0,5.1948
8637,CA-2014-160094,30-04-2014,02-05-2014,First Class,JM-16195,Justin MacKendrick,Consumer,United States,Louisville,Kentucky,40214,South,OFF-ST-10000585,Office Supplies,Storage,Economy Rollaway Files,826,5,0,214.76
5825,CA-2014-115056,02-05-2014,02-05-2014,Same Day,AR-10510,Andrew Roberts,Consumer,United States,Columbus,Ohio,43229,East,OFF-AP-10003971,Office Supplies,Appliances,Belkin 6 Outlet Metallic Surge Strip,26.136,3,0.2,1.9602
3862,CA-2014-135755,03-05-2014,10-05-2014,Standard Class,NC-18415,Nathan Cano,Consumer,United States,Yonkers,New York,10701,East,OFF-BI-10004828,Office Supplies,Binders,GBC Poly Designer Binding Covers,40.176,3,0.2,14.5638
1166,CA-2014-117709,04-05-2014,08-05-2014,Standard Class,PM-18940,Paul MacIntyre,Consumer,United States,Jackson,Michigan,49201,Central,OFF-BI-10001294,Office Supplies,Binders,Fellowes Binding Cases,46.8,4,0,21.06
8597,CA-2014-111934,05-05-2014,07-05-2014,First Class,GD-14590,Giulietta Dortch,Corporate,United States,Arlington,Virginia,22204,South,OFF-PA-10000474,Office Supplies,Paper,Easy-staple paper,35.44,1,0,16.6568
1335,CA-2014-121664,06-05-2014,10-05-2014,Standard Class,HP-14815,Harold Pawlan,Home Office,United States,Los Angeles,California,90049,West,OFF-BI-10003684,Office Supplies,Binders,Wilson Jones Legal Size Ring Binders,140.736,8,0.2,52.776
6563,CA-2014-166086,07-05-2014,12-05-2014,Standard Class,CT-11995,Carol Triggs,Consumer,United States,Lawrence,Massachusetts,1841,East,OFF-BI-10001078,Office Supplies,Binders,"Acco PRESSTEX Data Binder with Storage Hooks  Dark Blue  14 7/8"" X 11""",16.14,3,0,7.9086
8800,CA-2014-116666,08-05-2014,10-05-2014,First Class,KT-16480,Kean Thornton,Consumer,United States,Philadelphia,Pennsylvania,19134,East,TEC-CO-10001449,Technology,Copiers,Hewlett Packard LaserJet 3310 Copier,1799.97,5,0.4,239.996
3538,CA-2014-158771,09-05-2014,09-05-2014,Same Day,SB-20290,Sean Braxton,Corporate,United States,Henderson,Kentucky,42420,South,OFF-ST-10000107,Office Supplies,Storage,Fellowes Super Stor/Drawer,83.25,3,0,14.985
9200,CA-2014-103310,10-05-2014,15-05-2014,Standard Class,GM-14680,Greg Matthias,Consumer,United States,San Jose,California,95123,West,FUR-CH-10002320,Furniture,Chairs,Hon Pagoda Stacking Chairs,256.784,1,0.2,32.098
546,CA-2014-103849,11-05-2014,16-05-2014,Standard Class,PG-18895,Paul Gonzalez,Consumer,United States,Fort Worth,Texas,76106,Central,FUR-FU-10000723,Furniture,Furnishings,Deflect-o EconoMat Studded  No Bevel Mat for Low Pile Carpeting,66.112,4,0.6,-84.2928
2747,CA-2014-155887,12-05-2014,17-05-2014,Standard Class,KT-16480,Kean Thornton,Consumer,United States,Franklin,Massachusetts,2038,East,FUR-TA-10002228,Furniture,Tables,Bevis Traditional Conference Table Top  Plinth Base,700.056,3,0.3,-130.0104
1888,CA-2014-140165,13-05-2014,15-05-2014,First Class,EH-14005,Erica Hernandez,Home Office,United States,Hialeah,Florida,33012,South,OFF-BI-10004519,Office Supplies,Binders,GBC DocuBind P100 Manual Binding Machine,398.352,8,0.7,-331.96
769,CA-2014-106810,14-05-2014,20-05-2014,Standard Class,AJ-10795,Anthony Johnson,Corporate,United States,Saint Petersburg,Florida,33710,South,FUR-FU-10004306,Furniture,Furnishings,Electrix Halogen Magnifier Lamp,310.88,2,0.2,23.316
8536,US-2014-163146,16-05-2014,20-05-2014,Standard Class,CC-12475,Cindy Chapman,Consumer,United States,San Francisco,California,94122,West,TEC-AC-10002217,Technology,Accessories,Imation Clip USB flash drive - 8 GB,56.4,3,0,3.384
3006,CA-2014-148761,17-05-2014,21-05-2014,Standard Class,PA-19060,Pete Armstrong,Home Office,United States,Eau Claire,Wisconsin,54703,Central,OFF-BI-10000666,Office Supplies,Binders,Surelock Post Binders,91.68,3,0,45.84
3202,CA-2014-164224,18-05-2014,20-05-2014,Second Class,TT-21070,Ted Trevino,Consumer,United States,Akron,Ohio,44312,East,OFF-PA-10001526,Office Supplies,Paper,Xerox 1949,15.936,4,0.2,5.7768
4143,US-2014-107699,19-05-2014,23-05-2014,Standard Class,JH-15820,John Huston,Consumer,United States,Midland,Michigan,48640,Central,OFF-BI-10001249,Office Supplies,Binders,Avery Heavy-Duty EZD View Binder with Locking Rings,57.42,9,0,26.4132
8584,CA-2014-130673,20-05-2014,22-05-2014,Second Class,MC-17590,Matt Collister,Corporate,United States,San Marcos,Texas,78666,Central,OFF-ST-10000636,Office Supplies,Storage,Rogers Profile Extra Capacity Storage Tub,66.96,5,0.2,-13.392
9793,CA-2014-127166,21-05-2014,23-05-2014,Second Class,KH-16360,Katherine Hughes,Consumer,United States,Houston,Texas,77070,Central,FUR-CH-10003396,Furniture,Chairs,Global Deluxe Steno Chair,107.772,2,0.3,-29.2524
3268,CA-2014-143840,22-05-2014,29-05-2014,Standard Class,EH-14185,Evan Henry,Consumer,United States,Decatur,Alabama,35601,South,TEC-PH-10002660,Technology,Phones,Nortel Networks T7316 E Nt8 B27,135.98,2,0,33.995
7011,US-2014-135881,23-05-2014,27-05-2014,Standard Class,GT-14710,Greg Tran,Consumer,United States,New York City,New York,10035,East,OFF-BI-10000829,Office Supplies,Binders,Avery Non-Stick Binders,17.96,5,0.2,5.837
2704,CA-2014-143413,24-05-2014,30-05-2014,Standard Class,RP-19390,Resi Pölking,Consumer,United States,Baltimore,Maryland,21215,East,OFF-PA-10002319,Office Supplies,Paper,Xerox 1944,116.28,3,0,56.9772
1819,US-2014-130379,25-05-2014,29-05-2014,Standard Class,JL-15235,Janet Lee,Consumer,United States,Chicago,Illinois,60623,Central,OFF-AP-10001394,Office Supplies,Appliances,Harmony Air Purifier,75.6,2,0.8,-166.32
1611,CA-2014-156349,26-05-2014,30-05-2014,Standard Class,ML-17395,Marina Lichtenstein,Corporate,United States,Los Angeles,California,90008,West,FUR-BO-10000362,Furniture,Bookcases,Sauder Inglewood Library Bookcases,290.666,2,0.15,27.3568
1326,US-2014-117058,27-05-2014,30-05-2014,First Class,LE-16810,Laurel Elliston,Consumer,United States,Chicago,Illinois,60653,Central,OFF-BI-10004139,Office Supplies,Binders,Fellowes Presentation Covers for Comb Binding Machines,17.46,6,0.8,-30.555
5676,CA-2014-135993,28-05-2014,02-06-2014,Standard Class,PJ-18835,Patrick Jones,Corporate,United States,Seattle,Washington,98115,West,TEC-PH-10001552,Technology,Phones,I Need's 3d Hello Kitty Hybrid Silicone Case Cover for HTC One X 4g with 3d Hello Kitty Stylus Pen Green/pink,57.408,6,0.2,5.7408
4647,CA-2014-146885,30-05-2014,05-06-2014,Standard Class,EB-13840,Ellis Ballard,Corporate,United States,Richmond,Virginia,23223,South,OFF-PA-10001622,Office Supplies,Paper,"Ampad Poly Cover Wirebound Steno Book  6"" x 9"" Assorted Colors  Gregg Ruled",13.62,3,0,6.129
7978,CA-2014-166051,31-05-2014,05-06-2014,Standard Class,JK-15625,Jim Karlsson,Consumer,United States,Jackson,Mississippi,39212,South,TEC-PH-10002680,Technology,Phones,Samsung Galaxy Note 3,659.97,3,0,197.991
245,CA-2014-131926,01-06-2014,06-06-2014,Second Class,DW-13480,Dianna Wilson,Home Office,United States,Lakeville,Minnesota,55044,Central,FUR-CH-10004063,Furniture,Chairs,Global Deluxe High-Back Manager's Chair,2001.86,7,0,580.5394
3888,CA-2014-100895,02-06-2014,06-06-2014,Standard Class,SV-20785,Stewart Visinsky,Consumer,United States,Roswell,Georgia,30076,South,OFF-AR-10004511,Office Supplies,Art,Sanford Colorific Scented Colored Pencils  12/Pack,8.56,2,0,2.6536
6323,CA-2014-141299,03-06-2014,07-06-2014,Second Class,RB-19795,Ross Baird,Home Office,United States,Midland,Michigan,48640,Central,OFF-EN-10004459,Office Supplies,Envelopes,Security-Tint Envelopes,15.28,2,0,7.4872
8608,CA-2014-151946,04-06-2014,09-06-2014,Standard Class,BT-11440,Bobby Trafton,Consumer,United States,New York City,New York,10035,East,FUR-FU-10002878,Furniture,Furnishings,"Seth Thomas 14"" Day/Date Wall Clock",56.96,2,0,21.0752
6473,CA-2014-151897,06-06-2014,10-06-2014,Standard Class,VT-21700,Valerie Takahito,Home Office,United States,Houston,Texas,77070,Central,OFF-LA-10001074,Office Supplies,Labels,Round Specialty Laser Printer Labels,100.24,10,0.2,33.831
394,US-2014-134971,07-06-2014,10-06-2014,Second Class,BP-11095,Bart Pistole,Corporate,United States,Peoria,Illinois,61604,Central,OFF-BI-10003982,Office Supplies,Binders,Wilson Jones Century Plastic Molded Ring Binders,12.462,3,0.8,-20.5623
3842,US-2014-109162,08-06-2014,12-06-2014,Standard Class,KE-16420,Katrina Edelman,Corporate,United States,Bristol,Tennessee,37620,South,FUR-CH-10002647,Furniture,Chairs,Situations Contoured Folding Chairs  4/Set,170.352,3,0.2,10.647
12,CA-2014-115812,09-06-2014,14-06-2014,Standard Class,BH-11710,Brosina Hoffman,Consumer,United States,Los Angeles,California,90032,West,TEC-PH-10002033,Technology,Phones,Konftel 250 Conference phone - Charcoal black,911.424,4,0.2,68.3568
9697,CA-2014-144281,10-06-2014,15-06-2014,Second Class,HK-14890,Heather Kirkland,Corporate,United States,Detroit,Michigan,48234,Central,OFF-LA-10003930,Office Supplies,Labels,Dot Matrix Printer Tape Reel Labels  White  5000/Box,491.55,5,0,240.8595
1856,CA-2014-114643,13-06-2014,17-06-2014,Standard Class,FM-14215,Filia McAdams,Corporate,United States,Los Angeles,California,90032,West,OFF-AR-10003631,Office Supplies,Art,Staples in misc. colors,14.52,3,0,4.7916
5221,CA-2014-140487,14-06-2014,20-06-2014,Standard Class,SR-20425,Sharelle Roach,Home Office,United States,Detroit,Michigan,48234,Central,FUR-BO-10000711,Furniture,Bookcases,Hon Metal Bookcases  Gray,212.94,3,0,57.4938
918,US-2014-141215,15-06-2014,21-06-2014,Standard Class,KL-16555,Kelly Lampkin,Corporate,United States,San Antonio,Texas,78207,Central,OFF-BI-10002706,Office Supplies,Binders,Avery Premier Heavy-Duty Binder with Round Locking Rings,8.568,3,0.8,-14.5656
2496,CA-2014-136644,16-06-2014,22-06-2014,Standard Class,SC-20575,Sonia Cooley,Consumer,United States,Mishawaka,Indiana,46544,Central,FUR-CH-10000225,Furniture,Chairs,Global Geo Office Task Chair  Gray,647.84,8,0,32.392
6816,CA-2014-144414,17-06-2014,21-06-2014,Standard Class,GH-14425,Gary Hwang,Consumer,United States,Seattle,Washington,98105,West,FUR-FU-10003981,Furniture,Furnishings,Eldon Wave Desk Accessories,6.24,3,0,2.6208
9765,CA-2014-123855,18-06-2014,23-06-2014,Standard Class,MC-18100,Mick Crebagga,Consumer,United States,Los Angeles,California,90036,West,TEC-PH-10000215,Technology,Phones,Plantronics Cordless Phone Headset with In-line Volume - M214C,139.8,5,0.2,12.2325
3506,CA-2014-166863,20-06-2014,24-06-2014,Standard Class,SC-20020,Sam Craven,Consumer,United States,Plano,Texas,75023,Central,TEC-PH-10000369,Technology,Phones,HTC One Mini,201.584,2,0.2,20.1584
692,US-2014-117135,21-06-2014,23-06-2014,Second Class,NP-18325,Naresj Patel,Consumer,United States,Waynesboro,Virginia,22980,South,OFF-ST-10002444,Office Supplies,Storage,Recycled Eldon Regeneration Jumbo File,36.84,3,0,10.3152
4023,CA-2014-154963,22-06-2014,27-06-2014,Standard Class,AA-10645,Anna Andreadi,Consumer,United States,Chester,Pennsylvania,19013,East,FUR-CH-10000454,Furniture,Chairs,Hon Deluxe Fabric Upholstered Stacking Chairs  Rounded Back,853.93,5,0.3,0
4064,US-2014-130358,23-06-2014,26-06-2014,First Class,DL-13330,Denise Leinenbach,Consumer,United States,Concord,North Carolina,28027,South,OFF-AR-10002766,Office Supplies,Art,Prang Drawing Pencil Set,20.016,9,0.2,1.7514
9402,CA-2014-159814,24-06-2014,28-06-2014,Standard Class,LP-17080,Liz Pelletier,Consumer,United States,Tucson,Arizona,85705,West,FUR-FU-10001731,Furniture,Furnishings,Acrylic Self-Standing Desk Frames,4.272,2,0.2,0.9612
4849,CA-2014-164469,25-06-2014,27-06-2014,Second Class,GK-14620,Grace Kelly,Corporate,United States,Salem,Oregon,97301,West,OFF-AR-10000475,Office Supplies,Art,Hunt BOSTON Vista Battery-Operated Pencil Sharpener  Black,9.328,1,0.2,0.8162
2279,CA-2014-104283,27-06-2014,01-07-2014,Standard Class,LM-17065,Liz MacKendrick,Consumer,United States,Southaven,Mississippi,38671,South,TEC-AC-10000109,Technology,Accessories,Sony Micro Vault Click 16 GB USB 2.0 Flash Drive,223.96,4,0,53.7504
818,CA-2014-140858,28-06-2014,02-07-2014,Standard Class,CA-12775,Cynthia Arntzen,Consumer,United States,Philadelphia,Pennsylvania,19140,East,OFF-PA-10000304,Office Supplies,Paper,Xerox 1995,41.472,8,0.2,14.5152
5736,CA-2014-111773,29-06-2014,03-07-2014,Standard Class,JK-15625,Jim Karlsson,Consumer,United States,New York City,New York,10024,East,OFF-BI-10000174,Office Supplies,Binders,Wilson Jones Clip & Carry Folder Binder Tool for Ring Binders  Clear,13.92,3,0.2,4.872
3148,CA-2014-109218,30-06-2014,03-07-2014,Second Class,AR-10825,Anthony Rawles,Corporate,United States,Los Angeles,California,90004,West,OFF-AR-10001374,Office Supplies,Art,BIC Brite Liner Highlighters  Chisel Tip,32.4,5,0,10.368
1319,CA-2014-160773,01-07-2014,05-07-2014,Standard Class,LW-16825,Laurel Workman,Corporate,United States,Deltona,Florida,32725,South,TEC-PH-10004586,Technology,Phones,Wilson SignalBoost 841262 DB PRO Amplifier Kit,575.92,2,0.2,71.99
2733,CA-2014-107594,02-07-2014,06-07-2014,Standard Class,EH-13945,Eric Hoffmann,Consumer,United States,Plainfield,New Jersey,7060,East,TEC-PH-10002923,Technology,Phones,Logitech B530 USB Headset - headset - Full size  Binaural,73.98,2,0,19.9746
7162,CA-2014-138709,04-07-2014,09-07-2014,Standard Class,MS-17770,Maxwell Schwartz,Consumer,United States,Richmond,Virginia,23223,South,OFF-PA-10004734,Office Supplies,Paper,Southworth Structures Collection,21.84,3,0,10.92
5439,CA-2014-103317,05-07-2014,08-07-2014,First Class,DM-13525,Don Miller,Corporate,United States,Palm Coast,Florida,32137,South,FUR-FU-10003192,Furniture,Furnishings,Luxo Adjustable Task Clamp Lamp,213.216,3,0.2,15.9912
6846,CA-2014-147543,06-07-2014,12-07-2014,Standard Class,BC-11125,Becky Castell,Home Office,United States,El Cajon,California,92020,West,FUR-CH-10000155,Furniture,Chairs,Global Comet Stacking Armless Chair,478.48,2,0.2,47.848
4398,US-2014-138758,07-07-2014,11-07-2014,Standard Class,JL-15835,John Lee,Consumer,United States,Philadelphia,Pennsylvania,19120,East,FUR-CH-10002880,Furniture,Chairs,Global High-Back Leather Tilter  Burgundy,172.186,2,0.3,-46.7362
6288,CA-2014-100090,08-07-2014,12-07-2014,Standard Class,EB-13705,Ed Braxton,Corporate,United States,San Francisco,California,94122,West,FUR-TA-10003715,Furniture,Tables,Hon 2111 Invitation Series Corner Table,502.488,3,0.2,-87.9354
3368,CA-2014-165379,09-07-2014,15-07-2014,Standard Class,BM-11650,Brian Moss,Corporate,United States,Dallas,Texas,75217,Central,OFF-PA-10002245,Office Supplies,Paper,Xerox 1895,14.352,3,0.2,4.485
6336,CA-2014-133305,11-07-2014,15-07-2014,Standard Class,MH-17455,Mark Hamilton,Consumer,United States,New York City,New York,10011,East,OFF-BI-10002954,Office Supplies,Binders,Newell 3-Hole Punched Plastic Slotted Magazine Holders for Binders,18.28,5,0.2,6.398
8317,CA-2014-161508,12-07-2014,16-07-2014,Standard Class,PV-18985,Paul Van Hugh,Home Office,United States,League City,Texas,77573,Central,OFF-PA-10001804,Office Supplies,Paper,Xerox 195,16.032,3,0.2,5.6112
4552,US-2014-165862,13-07-2014,17-07-2014,Standard Class,GK-14620,Grace Kelly,Corporate,United States,Los Angeles,California,90049,West,FUR-TA-10002855,Furniture,Tables,Bevis Round Conference Table Top & Single Column Base,351.216,3,0.2,4.3902
7624,CA-2014-124464,14-07-2014,20-07-2014,Standard Class,SS-20515,Shirley Schmidt,Home Office,United States,Newark,Delaware,19711,East,OFF-AP-10000576,Office Supplies,Appliances,Belkin 7 Outlet SurgeMaster II,39.48,1,0,11.0544
3271,CA-2014-115980,15-07-2014,19-07-2014,Standard Class,VW-21775,Victoria Wilson,Corporate,United States,Sioux Falls,South Dakota,57103,Central,OFF-FA-10000304,Office Supplies,Fasteners,Advantus Push Pins,6.54,3,0,2.6814
2103,CA-2014-123295,18-07-2014,18-07-2014,Same Day,AH-10120,Adrian Hane,Home Office,United States,Tucson,Arizona,85705,West,FUR-CH-10002372,Furniture,Chairs,Office Star - Ergonomically Designed Knee Chair,259.136,4,0.2,-25.9136
5589,CA-2014-168158,19-07-2014,24-07-2014,Standard Class,EM-14140,Eugene Moren,Home Office,United States,Great Falls,Montana,59405,West,OFF-BI-10001759,Office Supplies,Binders,"Acco Pressboard Covers with Storage Hooks  14 7/8"" x 11""  Dark Blue",6.096,2,0.2,2.2098
5972,CA-2014-141726,20-07-2014,22-07-2014,First Class,CC-12145,Charles Crestani,Consumer,United States,San Diego,California,92105,West,FUR-FU-10003577,Furniture,Furnishings,Nu-Dell Leatherette Frames,43.02,3,0,15.4872
8022,CA-2014-129189,21-07-2014,25-07-2014,Standard Class,HM-14860,Harry Marie,Corporate,United States,Dallas,Texas,75217,Central,OFF-AP-10000124,Office Supplies,Appliances,Acco 6 Outlet Guardian Basic Surge Suppressor,4.992,3,0.8,-12.9792
7170,CA-2014-117464,22-07-2014,24-07-2014,Second Class,NP-18325,Naresj Patel,Consumer,United States,San Francisco,California,94122,West,FUR-TA-10004767,Furniture,Tables,Safco Drafting Table,170.352,3,0.2,19.1646
376,US-2014-119137,23-07-2014,27-07-2014,Standard Class,AG-10900,Arthur Gainer,Consumer,United States,Tucson,Arizona,85705,West,TEC-AC-10002076,Technology,Accessories,Microsoft Natural Keyboard Elite,479.04,10,0.2,-29.94
2506,CA-2014-143917,25-07-2014,27-07-2014,Second Class,KL-16645,Ken Lonsdale,Consumer,United States,San Francisco,California,94122,West,OFF-SU-10000151,Office Supplies,Supplies,High Speed Automatic Electric Letter Opener,8187.65,5,0,327.506
9780,CA-2014-169019,26-07-2014,30-07-2014,Standard Class,LF-17185,Luke Foster,Consumer,United States,San Antonio,Texas,78207,Central,OFF-AP-10003281,Office Supplies,Appliances,Acco 6 Outlet Guardian Standard Surge Suppressor,4.836,2,0.8,-12.09
8888,CA-2014-169642,27-07-2014,30-07-2014,Second Class,BB-10990,Barry Blumstein,Corporate,United States,Los Angeles,California,90036,West,OFF-ST-10002574,Office Supplies,Storage,SAFCO Commercial Wire Shelving  Black,276.28,2,0,0
5687,CA-2014-131541,28-07-2014,28-07-2014,Same Day,CK-12205,Chloris Kastensmidt,Consumer,United States,Apopka,Florida,32712,South,OFF-FA-10000621,Office Supplies,Fasteners,OIC Colored Binder Clips  Assorted Sizes,14.32,5,0.2,5.191
5162,CA-2014-111192,30-07-2014,05-08-2014,Standard Class,TS-21430,Tom Stivers,Corporate,United States,Seattle,Washington,98103,West,FUR-BO-10002916,Furniture,Bookcases,"Rush Hierlooms Collection 1"" Thick Stackable Bookcases",1367.84,8,0,259.8896
1839,CA-2014-117345,01-08-2014,05-08-2014,Standard Class,BF-10975,Barbara Fisher,Corporate,United States,Charlotte,North Carolina,28205,South,FUR-FU-10000629,Furniture,Furnishings,9-3/4 Diameter Round Wall Clock,44.128,4,0.2,12.1352
6173,US-2014-106299,02-08-2014,08-08-2014,Standard Class,NZ-18565,Nick Zandusky,Home Office,United States,Springfield,Missouri,65807,Central,OFF-BI-10001758,Office Supplies,Binders,Wilson Jones 14 Line Acrylic Coated Pressboard Data Binders,26.7,5,0,12.549
3156,CA-2014-128986,03-08-2014,05-08-2014,Second Class,GH-14410,Gary Hansen,Home Office,United States,Glendale,Arizona,85301,West,OFF-PA-10001289,Office Supplies,Paper,White Computer Printout Paper by Universal,93.024,3,0.2,33.7212
9158,CA-2014-134215,04-08-2014,08-08-2014,Standard Class,ML-17395,Marina Lichtenstein,Corporate,United States,Bangor,Maine,4401,East,OFF-PA-10004353,Office Supplies,Paper,Southworth 25% Cotton Premium Laser Paper and Envelopes,259.74,13,0,124.6752
173,CA-2014-118962,05-08-2014,09-08-2014,Standard Class,CS-12130,Chad Sievert,Consumer,United States,Los Angeles,California,90004,West,OFF-PA-10001144,Office Supplies,Paper,Xerox 1913,110.96,2,0,53.2608
3773,CA-2014-115357,06-08-2014,11-08-2014,Second Class,RF-19735,Roland Fjeld,Consumer,United States,Columbia,South Carolina,29203,South,TEC-AC-10000023,Technology,Accessories,Maxell 74 Minute CD-R Spindle  50/Pack,62.91,3,0,22.6476
1466,CA-2014-151708,08-08-2014,14-08-2014,Standard Class,MB-17305,Maria Bertelson,Consumer,United States,Glendale,Arizona,85301,West,FUR-FU-10001602,Furniture,Furnishings,"Eldon Delta Triangular Chair Mat  52"" x 58""  Clear",121.376,4,0.2,-3.0344
1741,CA-2014-110527,09-08-2014,16-08-2014,Standard Class,ED-13885,Emily Ducich,Home Office,United States,San Diego,California,92037,West,OFF-LA-10000262,Office Supplies,Labels,Avery 494,20.88,8,0,9.6048
1239,CA-2014-127012,11-08-2014,15-08-2014,Standard Class,GM-14680,Greg Matthias,Consumer,United States,Seattle,Washington,98105,West,FUR-FU-10003691,Furniture,Furnishings,Eldon Image Series Desk Accessories  Ebony,12.35,1,0,5.434
9882,CA-2014-153927,12-08-2014,13-08-2014,First Class,LL-16840,Lauren Leatherbury,Consumer,United States,Woodstock,Georgia,30188,South,OFF-BI-10000138,Office Supplies,Binders,Acco Translucent Poly Ring Binders,14.04,3,0,6.7392
9824,US-2014-164406,15-08-2014,19-08-2014,Standard Class,BD-11605,Brian Dahlen,Consumer,United States,San Francisco,California,94122,West,OFF-PA-10000167,Office Supplies,Paper,Xerox 1925,92.94,3,0,41.823
1690,CA-2014-142839,16-08-2014,20-08-2014,Standard Class,TS-21610,Troy Staebel,Consumer,United States,Philadelphia,Pennsylvania,19143,East,FUR-TA-10001539,Furniture,Tables,Chromcraft Rectangular Conference Tables,853.092,6,0.4,-227.4912
2531,CA-2014-111500,17-08-2014,21-08-2014,Standard Class,DJ-13510,Don Jones,Corporate,United States,Little Rock,Arkansas,72209,South,OFF-PA-10000595,Office Supplies,Paper,Xerox 1929,114.2,5,0,52.532
7004,CA-2014-133158,19-08-2014,21-08-2014,Second Class,DW-13195,David Wiener,Corporate,United States,Los Angeles,California,90045,West,OFF-BI-10000632,Office Supplies,Binders,Satellite Sectional Post Binders,69.456,2,0.2,22.5732
5800,CA-2014-166716,20-08-2014,25-08-2014,Second Class,CR-12730,Craig Reiter,Consumer,United States,Chicago,Illinois,60610,Central,FUR-CH-10004495,Furniture,Chairs,Global Leather and Oak Executive Chair  Black,421.372,2,0.3,-6.0196
4303,CA-2014-123253,22-08-2014,25-08-2014,Second Class,DE-13255,Deanra Eno,Home Office,United States,Lakewood,Ohio,44107,East,OFF-AR-10002804,Office Supplies,Art,Faber Castell Col-Erase Pencils,3.912,1,0.2,1.0269
2339,CA-2014-110639,23-08-2014,23-08-2014,Same Day,RH-19495,Rick Hansen,Consumer,United States,New York City,New York,10009,East,OFF-PA-10004530,Office Supplies,Paper,Personal Creations Ink Jet Cards and Labels,45.92,4,0,22.5008
3028,CA-2014-106719,24-08-2014,24-08-2014,Same Day,RB-19645,Robert Barroso,Corporate,United States,Billings,Montana,59102,West,OFF-BI-10002799,Office Supplies,Binders,"SlimView Poly Binder  3/8""",8.288,2,0.2,2.6936
5944,CA-2014-104178,25-08-2014,29-08-2014,Standard Class,JM-15265,Janet Molinari,Corporate,United States,Los Angeles,California,90036,West,FUR-FU-10000771,Furniture,Furnishings,Eldon 200 Class Desk Accessories  Smoke,6.28,1,0,2.6376
5336,CA-2014-103331,26-08-2014,01-09-2014,Standard Class,KB-16315,Karl Braun,Consumer,United States,Newark,Delaware,19711,East,OFF-PA-10002659,Office Supplies,Paper,Avoid Verbal Orders Carbonless Minifold Book,3.38,1,0,1.5548
20,CA-2014-143336,27-08-2014,01-09-2014,Second Class,ZD-21925,Zuschuss Donatelli,Consumer,United States,San Francisco,California,94109,West,TEC-PH-10001949,Technology,Phones,Cisco SPA 501G IP Phone,213.48,3,0.2,16.011
1898,CA-2014-169775,29-08-2014,02-09-2014,Second Class,RA-19945,Ryan Akin,Consumer,United States,Miami,Florida,33178,South,OFF-EN-10001749,Office Supplies,Envelopes,Jiffy Padded Mailers with Self-Seal Closure,29.808,2,0.2,10.8054
8462,CA-2014-146500,30-08-2014,04-09-2014,Standard Class,AT-10735,Annie Thurman,Consumer,United States,Bristol,Connecticut,6010,East,OFF-ST-10000563,Office Supplies,Storage,Fellowes Bankers Box Stor/Drawer Steel Plus,95.94,3,0,9.594
3478,CA-2014-143385,31-08-2014,05-09-2014,Standard Class,SJ-20500,Shirley Jackson,Consumer,United States,Santa Fe,New Mexico,87505,West,TEC-AC-10001635,Technology,Accessories,KeyTronic KT400U2 - Keyboard - Black,92.52,9,0,18.504
3195,CA-2014-165428,01-09-2014,04-09-2014,First Class,JL-15130,Jack Lebron,Consumer,United States,Houston,Texas,77036,Central,OFF-PA-10004100,Office Supplies,Paper,Xerox 216,31.104,6,0.2,10.8864
9034,CA-2014-152268,02-09-2014,07-09-2014,Standard Class,SC-20095,Sanjit Chand,Consumer,United States,Fayetteville,Arkansas,72701,South,OFF-BI-10001359,Office Supplies,Binders,GBC DocuBind TL300 Electric Binding System,1793.98,2,0,843.1706
8398,US-2014-120236,03-09-2014,04-09-2014,First Class,MR-17545,Mathew Reese,Home Office,United States,Houston,Texas,77095,Central,OFF-BI-10004099,Office Supplies,Binders,GBC VeloBinder Strips,7.68,5,0.8,-11.52
5430,CA-2014-136861,05-09-2014,07-09-2014,First Class,PR-18880,Patrick Ryan,Consumer,United States,Saint Petersburg,Florida,33710,South,FUR-FU-10001967,Furniture,Furnishings,Telescoping Adjustable Floor Lamp,31.984,2,0.2,1.999
6624,CA-2014-130449,06-09-2014,09-09-2014,First Class,VP-21760,Victoria Pisteka,Corporate,United States,San Francisco,California,94109,West,OFF-LA-10001934,Office Supplies,Labels,Avery 516,58.48,8,0,27.4856
1679,CA-2014-122882,07-09-2014,13-09-2014,Standard Class,SB-20290,Sean Braxton,Corporate,United States,Philadelphia,Pennsylvania,19134,East,OFF-ST-10002344,Office Supplies,Storage,"Carina 42""Hx23 3/4""W Media Storage Unit",64.784,1,0.2,-14.5764
1280,CA-2014-163293,08-09-2014,11-09-2014,First Class,KC-16255,Karen Carlisle,Corporate,United States,Macon,Georgia,31204,South,TEC-AC-10000023,Technology,Accessories,Maxell 74 Minute CD-R Spindle  50/Pack,83.88,4,0,30.1968
3600,CA-2014-102869,09-09-2014,14-09-2014,Second Class,LC-17140,Logan Currie,Consumer,United States,Philadelphia,Pennsylvania,19140,East,TEC-PH-10002549,Technology,Phones,Polycom SoundPoint IP 450 VoIP phone,135.516,1,0.4,-31.6204
7526,CA-2014-125731,10-09-2014,16-09-2014,Standard Class,CL-12565,Clay Ludtke,Consumer,United States,Gresham,Oregon,97030,West,FUR-CH-10003973,Furniture,Chairs,GuestStacker Chair with Chrome Finish Legs,1487.04,5,0.2,148.704
6312,CA-2014-112837,11-09-2014,16-09-2014,Standard Class,LW-17125,Liz Willingham,Consumer,United States,Oxnard,California,93030,West,FUR-FU-10004006,Furniture,Furnishings,Deflect-o DuraMat Lighweight  Studded  Beveled Mat for Low Pile Carpeting,127.95,3,0,21.7515
9426,CA-2014-116246,12-09-2014,17-09-2014,Second Class,LW-17215,Luke Weiss,Consumer,United States,New York City,New York,10035,East,FUR-CH-10002024,Furniture,Chairs,HON 5400 Series Task Chairs for Big and Tall,3785.292,6,0.1,420.588
2479,CA-2014-145212,13-09-2014,19-09-2014,Standard Class,DC-12850,Dan Campbell,Consumer,United States,New York City,New York,10011,East,OFF-AR-10002833,Office Supplies,Art,Newell 322,5.46,3,0,1.4742
562,CA-2014-145576,14-09-2014,18-09-2014,Second Class,CA-12775,Cynthia Arntzen,Consumer,United States,Tampa,Florida,33614,South,OFF-AP-10003914,Office Supplies,Appliances,Sanitaire Vibra Groomer IR Commercial Upright Vacuum  Replacement Belts,13,5,0.2,1.3
7469,CA-2014-138100,15-09-2014,20-09-2014,Standard Class,AA-10315,Alex Avila,Consumer,United States,New York City,New York,10011,East,OFF-PA-10000349,Office Supplies,Paper,Easy-staple paper,14.94,3,0,7.0218
6295,CA-2014-141152,16-09-2014,19-09-2014,First Class,RF-19345,Randy Ferguson,Corporate,United States,New York City,New York,10024,East,OFF-BI-10002931,Office Supplies,Binders,"Avery Trapezoid Extra Heavy Duty 4"" Binders",33.552,1,0.2,12.582
3927,CA-2014-103940,17-09-2014,21-09-2014,Standard Class,BN-11515,Bradley Nguyen,Consumer,United States,Seattle,Washington,98103,West,FUR-FU-10004671,Furniture,Furnishings,"Executive Impressions 12"" Wall Clock",35.34,2,0,13.4292
8575,CA-2014-159849,19-09-2014,19-09-2014,Same Day,JK-15640,Jim Kriz,Home Office,United States,San Francisco,California,94110,West,OFF-FA-10000053,Office Supplies,Fasteners,Revere Boxed Rubber Bands by Revere,5.67,3,0,0.1134
9394,CA-2014-125997,20-09-2014,23-09-2014,First Class,MW-18220,Mitch Webber,Consumer,United States,New York City,New York,10011,East,TEC-PH-10003484,Technology,Phones,Ooma Telo VoIP Home Phone System,629.95,5,0,157.4875
5305,US-2014-166310,21-09-2014,23-09-2014,First Class,JS-15940,Joni Sundaresam,Home Office,United States,Garland,Texas,75043,Central,FUR-FU-10001546,Furniture,Furnishings,Dana Swing-Arm Lamps,8.544,2,0.6,-7.476
5725,CA-2014-103191,22-09-2014,27-09-2014,Standard Class,VG-21805,Vivek Grady,Corporate,United States,Chicago,Illinois,60653,Central,OFF-ST-10002574,Office Supplies,Storage,SAFCO Commercial Wire Shelving  Black,331.536,3,0.2,-82.884
9291,CA-2014-163650,23-09-2014,25-09-2014,First Class,TT-21220,Thomas Thornton,Consumer,United States,Dover,Delaware,19901,East,OFF-AR-10002375,Office Supplies,Art,Newell 351,9.84,3,0,2.8536
366,CA-2014-123344,24-09-2014,29-09-2014,Standard Class,JD-16060,Julia Dunbar,Consumer,United States,San Francisco,California,94109,West,OFF-ST-10001713,Office Supplies,Storage,Gould Plastics 9-Pocket Panel Bin  18-3/8w x 5-1/4d x 20-1/2h  Black,211.96,4,0,8.4784
2825,US-2014-112914,25-09-2014,30-09-2014,Standard Class,MT-18070,Michelle Tran,Home Office,United States,Houston,Texas,77041,Central,OFF-PA-10003270,Office Supplies,Paper,Xerox 1954,33.792,8,0.2,10.56
8050,CA-2014-144974,26-09-2014,30-09-2014,Standard Class,CM-12715,Craig Molinari,Corporate,United States,Philadelphia,Pennsylvania,19140,East,OFF-BI-10003274,Office Supplies,Binders,Avery Durable Slant Ring Binders  No Labels,5.97,5,0.7,-4.577
314,CA-2014-120887,27-09-2014,03-10-2014,Standard Class,TS-21205,Thomas Seio,Corporate,United States,Hackensack,New Jersey,7601,East,FUR-FU-10001588,Furniture,Furnishings,Deflect-o SuperTray Unbreakable Stackable Tray  Letter  Black,87.54,3,0,37.6422
1731,CA-2014-125136,28-09-2014,03-10-2014,Standard Class,KD-16495,Keith Dawkins,Corporate,United States,Fayetteville,North Carolina,28314,South,OFF-PA-10001457,Office Supplies,Paper,White GlueTop Scratch Pads,96.256,8,0.2,31.2832
1146,CA-2014-146969,29-09-2014,03-10-2014,Standard Class,AP-10915,Arthur Prichep,Consumer,United States,Los Angeles,California,90045,West,OFF-ST-10004340,Office Supplies,Storage,Fellowes Mobile File Cart  Black,62.18,1,0,16.7886
7398,CA-2014-141649,30-09-2014,30-09-2014,Same Day,DM-12955,Dario Medina,Corporate,United States,Fairfield,Ohio,45014,East,OFF-AP-10003217,Office Supplies,Appliances,Eureka Sanitaire  Commercial Upright,795.408,6,0.2,59.6556
8706,US-2014-132745,01-10-2014,05-10-2014,Standard Class,NF-18475,Neil Französisch,Home Office,United States,Reno,Nevada,89502,West,OFF-FA-10000254,Office Supplies,Fasteners,Sterling Rubber Bands by Alliance,4.71,1,0,0
3229,CA-2014-108189,02-10-2014,05-10-2014,First Class,ES-14080,Erin Smith,Corporate,United States,Tempe,Arizona,85281,West,TEC-AC-10003038,Technology,Accessories,Kingston Digital DataTraveler 16GB USB 2.0,7.16,1,0.2,-0.0895
5602,CA-2014-108903,03-10-2014,03-10-2014,Same Day,DO-13435,Denny Ordway,Consumer,United States,Columbus,Ohio,43229,East,TEC-AC-10003023,Technology,Accessories,Logitech G105 Gaming Keyboard,142.488,3,0.2,-3.5622
2724,CA-2014-153479,04-10-2014,08-10-2014,Standard Class,DF-13135,David Flashing,Consumer,United States,Vallejo,California,94591,West,OFF-LA-10004689,Office Supplies,Labels,Avery 512,14.45,5,0,6.7915
6020,CA-2014-152422,05-10-2014,10-10-2014,Second Class,BD-11635,Brian Derr,Consumer,United States,Columbus,Ohio,43229,East,OFF-AP-10002892,Office Supplies,Appliances,Belkin F5C206VTEL 6 Outlet Surge,91.92,5,0.2,11.49
5418,CA-2014-132542,06-10-2014,08-10-2014,Second Class,AM-10360,Alice McCarthy,Corporate,United States,Omaha,Nebraska,68104,Central,OFF-BI-10004099,Office Supplies,Binders,GBC VeloBinder Strips,15.36,2,0,7.68
724,CA-2014-117429,07-10-2014,13-10-2014,Standard Class,MR-17545,Mathew Reese,Home Office,United States,Philadelphia,Pennsylvania,19140,East,FUR-FU-10000222,Furniture,Furnishings,"Seth Thomas 16"" Steel Case Clock",129.92,5,0.2,21.112
8853,CA-2014-119977,08-10-2014,13-10-2014,Second Class,DN-13690,Duane Noonan,Consumer,United States,New York City,New York,10011,East,OFF-PA-10003823,Office Supplies,Paper,Xerox 197,123.92,4,0,55.764
9459,CA-2014-138240,09-10-2014,14-10-2014,Standard Class,SJ-20500,Shirley Jackson,Consumer,United States,San Francisco,California,94122,West,OFF-AR-10002135,Office Supplies,Art,Boston Heavy-Duty Trimline Electric Pencil Sharpeners,144.6,3,0,41.934
7548,CA-2014-103492,10-10-2014,15-10-2014,Standard Class,CM-12715,Craig Molinari,Corporate,United States,Huntsville,Texas,77340,Central,OFF-BI-10004817,Office Supplies,Binders,GBC Personal VeloBind Strips,11.98,5,0.8,-19.168
4169,CA-2014-157924,11-10-2014,13-10-2014,First Class,HA-14920,Helen Andreada,Consumer,United States,Pasadena,California,91104,West,FUR-CH-10000229,Furniture,Chairs,Global Enterprise Series Seating High-Back Swivel/Tilt Chairs,433.568,2,0.2,-65.0352
83,CA-2014-139451,12-10-2014,16-10-2014,Standard Class,DN-13690,Duane Noonan,Consumer,United States,San Francisco,California,94122,West,OFF-ST-10002370,Office Supplies,Storage,Sortfiler Multipurpose Personal File Organizer  Black,21.39,1,0,6.2031
810,CA-2014-151995,13-10-2014,15-10-2014,First Class,ZC-21910,Zuschuss Carroll,Consumer,United States,Edmonds,Washington,98026,West,OFF-AR-10003190,Office Supplies,Art,Newell 32,11.52,4,0,3.2256
5757,CA-2014-163748,14-10-2014,18-10-2014,Standard Class,HG-15025,Hunter Glantz,Consumer,United States,Fort Worth,Texas,76106,Central,TEC-CO-10002095,Technology,Copiers,Hewlett Packard 610 Color Digital Copier / Printer,1999.96,5,0.2,624.9875
4899,US-2014-122021,15-10-2014,17-10-2014,First Class,AC-10660,Anna Chung,Consumer,United States,Parma,Ohio,44134,East,OFF-PA-10002230,Office Supplies,Paper,Xerox 1897,7.968,2,0.2,2.8884
5886,US-2014-109456,16-10-2014,17-10-2014,Same Day,LS-17245,Lynn Smith,Consumer,United States,San Francisco,California,94110,West,OFF-BI-10000136,Office Supplies,Binders,Avery Non-Stick Heavy Duty View Round Locking Ring Binders,14.352,3,0.2,5.0232
9558,CA-2014-103086,17-10-2014,19-10-2014,Second Class,EB-14170,Evan Bailliet,Consumer,United States,Houston,Texas,77095,Central,FUR-FU-10004586,Furniture,Furnishings,G.E. Longer-Life Indoor Recessed Floodlight Bulbs,5.312,2,0.6,-1.5936
5234,CA-2014-115084,18-10-2014,22-10-2014,Standard Class,LS-17200,Luke Schmidt,Corporate,United States,Texarkana,Arkansas,71854,South,FUR-CH-10004626,Furniture,Chairs,Office Star Flex Back Scooter Chair with Aluminum Finish Frame,605.34,6,0,145.2816
9340,CA-2014-155264,19-10-2014,22-10-2014,Second Class,RP-19270,Rachel Payne,Corporate,United States,San Francisco,California,94110,West,OFF-PA-10003228,Office Supplies,Paper,Xerox 1917,146.73,3,0,68.9631
6554,CA-2014-137092,20-10-2014,22-10-2014,Second Class,LS-16975,Lindsay Shagiari,Home Office,United States,Chicago,Illinois,60653,Central,TEC-AC-10001606,Technology,Accessories,Logitech Wireless Performance Mouse MX for PC and Mac,319.968,4,0.2,71.9928
