RowID,OrderID,OrderDate,ShipDate,ShipMode,CustomerID,CustomerName,Segment,Address_Country,Address_City,Address_State,Address_Postal_Code,Address_Region,Product_ID,Category,Sub_Category,Product_Name,Sales,Quantity,Discount,Profit
1189,CA-2017-117212,26-02-2017,28-02-2017,Second Class,BT-11530,Bradley Talbott,Home Office,United States,Los Angeles,California,90036,West,OFF-AP-10004532,Office Supplies,Appliances,Kensington 6 Outlet Guardian Standard Surge Protector,81.92,4,0,22.1184
9767,CA-2017-101959,28-02-2017,06-03-2017,Standard Class,DB-13660,Duane Benoit,Consumer,United States,Middletown,Connecticut,6457,East,OFF-PA-10002137,Office Supplies,Paper,Southworth 100% Résumé Paper  24lb.,7.78,1,0,3.501
2509,CA-2017-163902,02-03-2017,08-03-2017,Standard Class,MY-17380,Maribeth Yedwab,Corporate,United States,Los Angeles,California,90045,West,TEC-PH-10000675,Technology,Phones,Panasonic KX TS3282B Corded phone,196.776,3,0.2,14.7582
1323,CA-2017-121804,03-03-2017,08-03-2017,Standard Class,LP-17095,Liz Preis,Consumer,United States,Murray,Kentucky,42071,South,OFF-AP-10004859,Office Supplies,Appliances,Acco 6 Outlet Guardian Premium Surge Suppressor,72.8,5,0,19.656
5296,CA-2017-142174,04-03-2017,09-03-2017,Standard Class,DP-13000,Darren Powers,Consumer,United States,Houston,Texas,77041,Central,OFF-PA-10000806,Office Supplies,Paper,Xerox 1934,89.568,2,0.2,32.4684
4744,CA-2017-168123,05-03-2017,05-03-2017,Same Day,JD-16060,Julia Dunbar,Consumer,United States,Rochester,Minnesota,55901,Central,OFF-FA-10002763,Office Supplies,Fasteners,Advantus Map Pennant Flags and Round Head Tacks,7.9,2,0,2.528
6512,CA-2017-167640,06-03-2017,10-03-2017,Standard Class,FC-14245,Frank Carlisle,Home Office,United States,San Francisco,California,94109,West,OFF-AR-10003158,Office Supplies,Art,Fluorescent Highlighters by Dixon,23.88,6,0,8.1192
4903,CA-2017-110884,07-03-2017,12-03-2017,Standard Class,SH-20395,Shahid Hopkins,Consumer,United States,New York City,New York,10035,East,OFF-BI-10003669,Office Supplies,Binders,3M Organizer Strips,25.92,6,0.2,9.072
360,CA-2017-155698,08-03-2017,11-03-2017,First Class,VB-21745,Victoria Brennan,Corporate,United States,Columbus,Georgia,31907,South,OFF-AP-10001124,Office Supplies,Appliances,Belkin 8 Outlet SurgeMaster II Gold Surge Protector with Phone Protection,647.84,8,0,168.4384
8540,CA-2017-147354,09-03-2017,13-03-2017,Standard Class,KB-16315,Karl Braun,Consumer,United States,Los Angeles,California,90008,West,TEC-CO-10000971,Technology,Copiers,Hewlett Packard 310 Color Digital Copier,479.984,2,0.2,59.998
1255,CA-2017-144638,10-03-2017,14-03-2017,Standard Class,MH-18115,Mick Hernandez,Home Office,United States,Chester,Pennsylvania,19013,East,TEC-PH-10000149,Technology,Phones,Cisco SPA525G2 IP Phone - Wireless,35.91,3,0.4,-8.379
7147,US-2017-141558,11-03-2017,16-03-2017,Standard Class,MH-17290,Marc Harrigan,Home Office,United States,Philadelphia,Pennsylvania,19140,East,OFF-ST-10004946,Office Supplies,Storage,Desktop 3-Pocket Hot File,43.28,1,0.2,3.246
5387,CA-2017-152786,12-03-2017,17-03-2017,Standard Class,GA-14725,Guy Armstrong,Consumer,United States,Rogers,Arkansas,72756,South,OFF-BI-10000829,Office Supplies,Binders,Avery Non-Stick Binders,40.41,9,0,18.5886
4459,CA-2017-105851,13-03-2017,20-03-2017,Standard Class,SE-20110,Sanjit Engle,Consumer,United States,Denver,Colorado,80219,West,OFF-SU-10002881,Office Supplies,Supplies,Martin Yale Chadless Opener Electric Letter Opener,1332.496,2,0.2,-299.8116
8440,CA-2017-114370,14-03-2017,17-03-2017,Second Class,BN-11470,Brad Norvell,Corporate,United States,Chicago,Illinois,60623,Central,TEC-PH-10000213,Technology,Phones,Seidio BD2-HK3IPH5-BK DILEX Case and Holster Combo for Apple iPhone 5/5s - Black,49.616,2,0.2,4.9616
9741,CA-2017-129294,16-03-2017,21-03-2017,Standard Class,KD-16615,Ken Dana,Corporate,United States,Los Angeles,California,90032,West,OFF-AP-10001154,Office Supplies,Appliances,Bionaire Personal Warm Mist Humidifier/Vaporizer,140.67,3,0,54.8613
2451,CA-2017-140949,17-03-2017,22-03-2017,Second Class,DB-13405,Denny Blanton,Consumer,United States,New York City,New York,10011,East,OFF-LA-10000081,Office Supplies,Labels,Avery 496,18.75,5,0,9
679,US-2017-119438,18-03-2017,23-03-2017,Standard Class,CD-11980,Carol Darley,Consumer,United States,Tyler,Texas,75701,Central,FUR-FU-10003553,Furniture,Furnishings,"Howard Miller 13-1/2"" Diameter Rosebrook Wall Clock",82.524,3,0.6,-41.262
9228,CA-2017-140515,19-03-2017,24-03-2017,Standard Class,GZ-14545,George Zrebassa,Corporate,United States,Los Angeles,California,90008,West,OFF-AP-10001205,Office Supplies,Appliances,Belkin 5 Outlet SurgeMaster Power Centers,381.36,7,0,106.7808
8156,US-2017-143770,20-03-2017,24-03-2017,Standard Class,RD-19720,Roger Demir,Consumer,United States,Middletown,Connecticut,6457,East,OFF-PA-10001125,Office Supplies,Paper,Xerox 1988,61.96,2,0,27.882
2333,CA-2017-169285,21-03-2017,25-03-2017,Standard Class,RW-19690,Robert Waldorf,Consumer,United States,Lafayette,Indiana,47905,Central,OFF-PA-10004071,Office Supplies,Paper,Eaton Premium Continuous-Feed Paper  25% Cotton  Letter Size  White  1000 Shts/Box,277.4,5,0,133.152
5021,CA-2017-136511,23-03-2017,25-03-2017,Second Class,MZ-17515,Mary Zewe,Corporate,United States,New York City,New York,10011,East,OFF-SU-10003505,Office Supplies,Supplies,Premier Electric Letter Opener,347.58,3,0,17.379
2105,CA-2017-167101,24-03-2017,28-03-2017,Second Class,BM-11650,Brian Moss,Corporate,United States,New York City,New York,10009,East,TEC-AC-10001266,Technology,Accessories,Memorex Micro Travel Drive 8 GB,26,2,0,11.7
2386,US-2017-117534,25-03-2017,26-03-2017,First Class,CV-12295,Christina VanderZanden,Consumer,United States,Fresno,California,93727,West,TEC-PH-10000141,Technology,Phones,Clearsounds A400,211.168,4,0.2,15.8376
7173,US-2017-141677,26-03-2017,30-03-2017,Standard Class,HK-14890,Heather Kirkland,Corporate,United States,Houston,Texas,77070,Central,TEC-AC-10000158,Technology,Accessories,Sony 64GB Class 10 Micro SDHC R40 Memory Card,143.96,5,0.2,1.7995
9788,CA-2017-144491,27-03-2017,01-04-2017,Standard Class,CJ-12010,Caroline Jumper,Consumer,United States,Houston,Texas,77070,Central,FUR-BO-10001811,Furniture,Bookcases,Atlantic Metals Mobile 5-Shelf Bookcases  Custom Colors,1023.332,5,0.32,-30.098
5743,US-2017-147886,28-03-2017,31-03-2017,First Class,DH-13075,Dave Hallsten,Corporate,United States,Fairfield,California,94533,West,OFF-PA-10003651,Office Supplies,Paper,Xerox 1968,26.72,4,0,12.8256
5720,CA-2017-126550,29-03-2017,02-04-2017,Second Class,RD-19720,Roger Demir,Consumer,United States,Lafayette,Indiana,47905,Central,OFF-ST-10001031,Office Supplies,Storage,Adjustable Personal File Tote,81.4,5,0,21.164
7504,US-2017-120147,30-03-2017,30-03-2017,Same Day,TB-21400,Tom Boeckenhauer,Consumer,United States,Los Angeles,California,90036,West,TEC-PH-10002447,Technology,Phones,AT&T CL83451 4-Handset Telephone,164.792,1,0.2,18.5391
5563,CA-2017-133263,31-03-2017,02-04-2017,Second Class,JE-15610,Jim Epp,Corporate,United States,Atlanta,Georgia,30318,South,TEC-CO-10001449,Technology,Copiers,Hewlett Packard LaserJet 3310 Copier,2999.95,5,0,1439.976
4329,CA-2017-118360,01-04-2017,07-04-2017,Standard Class,JC-15775,John Castell,Consumer,United States,New York City,New York,10011,East,OFF-PA-10000791,Office Supplies,Paper,Wirebound Message Books  Four 2 3/4 x 5 Forms per Page  200 Sets per Book,42.93,9,0,19.3185
5642,CA-2017-106355,02-04-2017,05-04-2017,First Class,AT-10435,Alyssa Tate,Home Office,United States,Meriden,Connecticut,6450,East,OFF-AR-10000246,Office Supplies,Art,Newell 318,11.12,4,0,2.8912
953,CA-2017-131156,03-04-2017,07-04-2017,Standard Class,KH-16360,Katherine Hughes,Consumer,United States,Philadelphia,Pennsylvania,19143,East,FUR-FU-10001940,Furniture,Furnishings,Staple-based wall hangings,25.472,4,0.2,7.6416
6922,CA-2017-109211,04-04-2017,10-04-2017,Standard Class,PS-19045,Penelope Sewall,Home Office,United States,New York City,New York,10011,East,OFF-EN-10001532,Office Supplies,Envelopes,Brown Kraft Recycled Envelopes,16.98,1,0,8.49
8416,CA-2017-107265,06-04-2017,12-04-2017,Standard Class,ML-17755,Max Ludwig,Home Office,United States,Marion,Iowa,52302,Central,OFF-PA-10000474,Office Supplies,Paper,Easy-staple paper,106.32,3,0,49.9704
9443,CA-2017-165904,07-04-2017,11-04-2017,Standard Class,HR-14770,Hallie Redmond,Home Office,United States,Jacksonville,Florida,32216,South,OFF-AR-10003156,Office Supplies,Art,50 Colored Long Pencils,16.256,2,0.2,1.2192
3987,CA-2017-112333,08-04-2017,14-04-2017,Standard Class,KF-16285,Karen Ferguson,Home Office,United States,Plainfield,New Jersey,7060,East,OFF-ST-10001780,Office Supplies,Storage,Tennsco 16-Compartment Lockers with Coat Rack,2591.56,4,0,621.9744
966,CA-2017-135279,09-04-2017,11-04-2017,First Class,BS-11800,Bryan Spruell,Home Office,United States,New York City,New York,10011,East,OFF-AR-10004344,Office Supplies,Art,Bulldog Vacuum Base Pencil Sharpener,35.97,3,0,9.7119
3503,CA-2017-125115,10-04-2017,10-04-2017,Same Day,RD-19930,Russell D'Ascenzo,Consumer,United States,Austin,Texas,78745,Central,OFF-PA-10004101,Office Supplies,Paper,Xerox 1894,10.368,2,0.2,3.6288
4352,US-2017-100482,11-04-2017,15-04-2017,Standard Class,JL-15130,Jack Lebron,Consumer,United States,Lancaster,Ohio,43130,East,TEC-AC-10003441,Technology,Accessories,Kingston Digital DataTraveler 32GB USB 2.0,27.12,2,0.2,-4.746
1441,CA-2017-122735,12-04-2017,15-04-2017,Second Class,BD-11320,Bill Donatelli,Consumer,United States,Providence,Rhode Island,2908,East,OFF-PA-10001712,Office Supplies,Paper,Xerox 1948,39.96,4,0,17.982
2119,CA-2017-155460,13-04-2017,15-04-2017,First Class,RW-19630,Rob Williams,Corporate,United States,Seattle,Washington,98105,West,OFF-PA-10002479,Office Supplies,Paper,Xerox 4200 Series MultiUse Premium Copy Paper (20Lb. and 84 Bright),5.28,1,0,2.376
5361,US-2017-126060,14-04-2017,18-04-2017,Standard Class,DW-13585,Dorothy Wardle,Corporate,United States,Fayetteville,North Carolina,28314,South,FUR-BO-10003433,Furniture,Bookcases,Sauder Cornerstone Collection Library,198.272,8,0.2,-32.2192
7369,CA-2017-161851,15-04-2017,17-04-2017,First Class,BP-11095,Bart Pistole,Corporate,United States,Miami,Florida,33180,South,OFF-BI-10004654,Office Supplies,Binders,VariCap6 Expandable Binder,15.57,3,0.7,-11.937
2741,CA-2017-122707,16-04-2017,18-04-2017,First Class,EB-13750,Edward Becker,Corporate,United States,Hoover,Alabama,35244,South,TEC-AC-10004227,Technology,Accessories,SanDisk Ultra 16 GB MicroSDHC Class 10 Memory Card,25.98,2,0,1.5588
6861,CA-2017-128965,17-04-2017,22-04-2017,Standard Class,PS-18760,Pamela Stobb,Consumer,United States,Los Angeles,California,90008,West,TEC-AC-10001383,Technology,Accessories,Logitech Wireless Touch Keyboard K400,274.89,11,0,46.7313
6157,CA-2017-151484,20-04-2017,23-04-2017,First Class,CV-12805,Cynthia Voltz,Corporate,United States,Philadelphia,Pennsylvania,19120,East,FUR-FU-10004671,Furniture,Furnishings,"Executive Impressions 12"" Wall Clock",42.408,3,0.2,9.5418
7568,CA-2017-140802,21-04-2017,23-04-2017,First Class,KN-16390,Katherine Nockton,Corporate,United States,Houston,Texas,77070,Central,OFF-PA-10001534,Office Supplies,Paper,Xerox 230,20.736,4,0.2,7.2576
8280,CA-2017-146192,22-04-2017,26-04-2017,Standard Class,BD-11725,Bruce Degenhardt,Consumer,United States,Columbus,Georgia,31907,South,OFF-ST-10003716,Office Supplies,Storage,Tennsco Double-Tier Lockers,675.06,3,0,87.7578
8470,US-2017-132031,23-04-2017,27-04-2017,Standard Class,PN-18775,Parhena Norris,Home Office,United States,Clarksville,Tennessee,37042,South,FUR-BO-10001972,Furniture,Bookcases,O'Sullivan 4-Shelf Bookcase in Odessa Pine,387.136,4,0.2,-14.5176
5978,CA-2017-116953,24-04-2017,25-04-2017,First Class,SV-20935,Susan Vittorini,Consumer,United States,Mesa,Arizona,85204,West,TEC-PH-10004614,Technology,Phones,AT&T 841000 Phone,552,10,0.2,34.5
6889,CA-2017-120222,25-04-2017,02-05-2017,Standard Class,LL-16840,Lauren Leatherbury,Consumer,United States,Los Angeles,California,90032,West,OFF-BI-10000666,Office Supplies,Binders,Surelock Post Binders,73.344,3,0.2,27.504
1359,CA-2017-160045,26-04-2017,27-04-2017,First Class,LB-16735,Larry Blacks,Consumer,United States,Fort Worth,Texas,76106,Central,FUR-FU-10000010,Furniture,Furnishings,DAX Value U-Channel Document Frames  Easel Back,1.988,1,0.6,-1.4413
4638,CA-2017-168228,27-04-2017,29-04-2017,First Class,AP-10915,Arthur Prichep,Consumer,United States,Los Angeles,California,90045,West,OFF-AR-10000390,Office Supplies,Art,Newell Chalk Holder,12.39,3,0,5.6994
5455,CA-2017-160962,28-04-2017,02-05-2017,Standard Class,MC-17605,Matt Connell,Corporate,United States,Philadelphia,Pennsylvania,19143,East,OFF-ST-10001325,Office Supplies,Storage,Sterilite Officeware Hinged File Box,8.384,1,0.2,0.7336
1728,US-2017-164056,29-04-2017,04-05-2017,Second Class,FM-14215,Filia McAdams,Corporate,United States,Dublin,Ohio,43017,East,FUR-TA-10001307,Furniture,Tables,SAFCO PlanMaster Heigh-Adjustable Drafting Table Base  43w x 30d x 30-37h  Black,1048.35,5,0.4,-69.89
1491,CA-2017-151911,30-04-2017,05-05-2017,Second Class,DL-13495,Dionis Lloyd,Corporate,United States,New York City,New York,10024,East,OFF-EN-10002986,Office Supplies,Envelopes,"#10-4 1/8"" x 9 1/2"" Premium Diagonal Seam Envelopes",62.96,4,0,28.332
8236,CA-2017-102204,01-05-2017,06-05-2017,Standard Class,CJ-12010,Caroline Jumper,Consumer,United States,Jacksonville,Florida,32216,South,FUR-TA-10001889,Furniture,Tables,Bush Advantage Collection Racetrack Conference Table,933.262,4,0.45,-458.1468
2518,CA-2017-123134,02-05-2017,07-05-2017,Standard Class,DW-13585,Dorothy Wardle,Corporate,United States,Westfield,New Jersey,7090,East,FUR-FU-10003975,Furniture,Furnishings,Eldon Advantage Chair Mats for Low to Medium Pile Carpets,129.93,3,0,12.993
7609,CA-2017-163209,03-05-2017,07-05-2017,Standard Class,MK-18160,Mike Kennedy,Consumer,United States,San Francisco,California,94122,West,OFF-PA-10001166,Office Supplies,Paper,Xerox 2,25.92,4,0,12.4416
1354,CA-2017-162978,04-05-2017,09-05-2017,Standard Class,LW-16990,Lindsay Williams,Corporate,United States,San Francisco,California,94109,West,OFF-PA-10002250,Office Supplies,Paper,Things To Do Today Pad,17.61,3,0,8.4528
5286,CA-2017-105991,05-05-2017,06-05-2017,First Class,LH-17020,Lisa Hazard,Consumer,United States,Louisville,Colorado,80027,West,OFF-EN-10002600,Office Supplies,Envelopes,Redi-Strip #10 Envelopes  4 1/8 x 9 1/2,21.24,9,0.2,7.434
6637,CA-2017-144498,06-05-2017,06-05-2017,Same Day,MB-18085,Mick Brown,Consumer,United States,Charlotte,North Carolina,28205,South,OFF-LA-10003510,Office Supplies,Labels,Avery 4027 File Folder Labels for Dot Matrix Printers  5000 Labels per Box  White,122.12,5,0.2,39.689
3830,CA-2017-141733,07-05-2017,11-05-2017,Standard Class,RW-19540,Rick Wilson,Corporate,United States,Detroit,Michigan,48234,Central,FUR-CH-10000595,Furniture,Chairs,Safco Contoured Stacking Chairs,476.8,2,0,119.2
1596,CA-2017-149181,08-05-2017,12-05-2017,Standard Class,MD-17350,Maribeth Dona,Consumer,United States,Columbus,Ohio,43229,East,FUR-CH-10004540,Furniture,Chairs,Global Chrome Stack Chair,47.992,2,0.3,-2.0568
8417,CA-2017-118199,09-05-2017,11-05-2017,First Class,LB-16795,Laurel Beltran,Home Office,United States,Seattle,Washington,98105,West,OFF-BI-10004330,Office Supplies,Binders,GBC Velobind Prepunched Cover Sets  Regency Series,147.92,5,0.2,46.225
4123,CA-2017-133823,11-05-2017,12-05-2017,Same Day,LP-17080,Liz Pelletier,Consumer,United States,Seattle,Washington,98103,West,OFF-LA-10004545,Office Supplies,Labels,Avery 50,37.59,3,0,17.6673
6669,CA-2017-122175,12-05-2017,14-05-2017,Second Class,CA-12775,Cynthia Arntzen,Consumer,United States,Vineland,New Jersey,8360,East,OFF-SU-10004661,Office Supplies,Supplies,Acme Titanium Bonded Scissors,17,2,0,4.42
8622,CA-2017-104318,13-05-2017,18-05-2017,Standard Class,FH-14275,Frank Hawley,Corporate,United States,Franklin,Tennessee,37064,South,OFF-AP-10000358,Office Supplies,Appliances,Fellowes Basic Home/Office Series Surge Protectors,20.768,2,0.2,2.3364
4650,CA-2017-129357,14-05-2017,19-05-2017,Standard Class,KB-16585,Ken Black,Corporate,United States,Seattle,Washington,98103,West,OFF-SU-10004498,Office Supplies,Supplies,Martin-Yale Premier Letter Opener,64.4,5,0,1.932
5511,US-2017-152569,15-05-2017,20-05-2017,Standard Class,JD-16015,Joy Daniels,Consumer,United States,Chicago,Illinois,60653,Central,TEC-PH-10002185,Technology,Phones,QVS USB Car Charger 2-Port 2.1Amp for iPod/iPhone/iPad/iPad 2/iPad 3,11.12,2,0.2,3.475
4093,CA-2017-166576,16-05-2017,18-05-2017,First Class,JM-15865,John Murray,Consumer,United States,Akron,Ohio,44312,East,OFF-ST-10002574,Office Supplies,Storage,SAFCO Commercial Wire Shelving  Black,221.024,2,0.2,-55.256
2844,CA-2017-112865,18-05-2017,22-05-2017,Standard Class,BH-11710,Brosina Hoffman,Consumer,United States,Philadelphia,Pennsylvania,19140,East,TEC-AC-10000387,Technology,Accessories,KeyTronic KT800P2 - Keyboard - Black,36.048,3,0.2,-0.9012
3625,CA-2017-113530,19-05-2017,21-05-2017,Second Class,BC-11125,Becky Castell,Home Office,United States,San Francisco,California,94109,West,FUR-CH-10002647,Furniture,Chairs,Situations Contoured Folding Chairs  4/Set,681.408,12,0.2,42.588
9143,US-2017-166688,20-05-2017,26-05-2017,Standard Class,RD-19480,Rick Duston,Consumer,United States,Las Vegas,Nevada,89115,West,OFF-BI-10004040,Office Supplies,Binders,Wilson Jones Impact Binders,8.288,2,0.2,3.0044
990,CA-2017-167899,21-05-2017,26-05-2017,Standard Class,JG-15805,John Grady,Corporate,United States,Auburn,New York,13021,East,OFF-AR-10001988,Office Supplies,Art,Bulldog Table or Wall-Mount Pencil Sharpener,17.97,3,0,5.2113
7245,US-2017-151127,22-05-2017,25-05-2017,First Class,RL-19615,Rob Lucas,Consumer,United States,Los Angeles,California,90049,West,OFF-AR-10002445,Office Supplies,Art,SANFORD Major Accent Highlighters,49.56,7,0,18.8328
4510,CA-2017-167003,23-05-2017,29-05-2017,Standard Class,VS-21820,Vivek Sundaresam,Consumer,United States,Los Angeles,California,90036,West,FUR-TA-10001520,Furniture,Tables,Lesro Sheffield Collection Coffee Table  End Table  Center Table  Corner Table,171.288,3,0.2,-6.4233
8013,CA-2017-120168,25-05-2017,25-05-2017,Same Day,TB-21625,Trudy Brown,Consumer,United States,New York City,New York,10009,East,OFF-BI-10004519,Office Supplies,Binders,GBC DocuBind P100 Manual Binding Machine,663.92,5,0.2,207.475
7000,CA-2017-123687,26-05-2017,29-05-2017,First Class,KC-16675,Kimberly Carter,Corporate,United States,Louisville,Kentucky,40214,South,OFF-AP-10002670,Office Supplies,Appliances,Belkin 8-Outlet Premiere SurgeMaster II Surge Protectors,208.44,3,0,62.532
5377,CA-2017-134152,27-05-2017,31-05-2017,Standard Class,RP-19855,Roy Phan,Corporate,United States,Seattle,Washington,98103,West,OFF-AR-10004062,Office Supplies,Art,Staples in misc. colors,31.44,3,0,7.86
9295,CA-2017-161340,28-05-2017,01-06-2017,Standard Class,AM-10360,Alice McCarthy,Corporate,United States,Cleveland,Ohio,44105,East,OFF-PA-10002464,Office Supplies,Paper,HP Office Recycled Paper (20Lb. and 87 Bright),13.872,3,0.2,5.0286
6248,CA-2017-121580,29-05-2017,04-06-2017,Standard Class,ML-17410,Maris LaWare,Consumer,United States,Columbus,Indiana,47201,Central,OFF-BI-10000632,Office Supplies,Binders,Satellite Sectional Post Binders,43.41,1,0,19.9686
6402,CA-2017-125472,30-05-2017,31-05-2017,First Class,BD-11725,Bruce Degenhardt,Consumer,United States,Lafayette,Louisiana,70506,South,FUR-BO-10000330,Furniture,Bookcases,Sauder Camden County Barrister Bookcase  Planked Cherry Finish,241.96,2,0,33.8744
9952,CA-2017-121559,01-06-2017,03-06-2017,Second Class,HW-14935,Helen Wasserman,Corporate,United States,Indianapolis,Indiana,46203,Central,OFF-BI-10002072,Office Supplies,Binders,Cardinal Slant-D Ring Binders,17.38,2,0,8.69
3689,CA-2017-140760,02-06-2017,05-06-2017,Second Class,DO-13435,Denny Ordway,Consumer,United States,Mesa,Arizona,85204,West,OFF-PA-10002479,Office Supplies,Paper,Xerox 4200 Series MultiUse Premium Copy Paper (20Lb. and 84 Bright),25.344,6,0.2,7.92
6485,CA-2017-113908,03-06-2017,09-06-2017,Standard Class,KN-16390,Katherine Nockton,Corporate,United States,New York City,New York,10011,East,TEC-MA-10003173,Technology,Machines,Hewlett-Packard 300S Scientific Calculator,78.66,6,0,36.1836
2928,CA-2017-158106,04-06-2017,10-06-2017,Standard Class,CT-11995,Carol Triggs,Consumer,United States,Apple Valley,Minnesota,55124,Central,OFF-AR-10002255,Office Supplies,Art,Newell 346,8.64,3,0,2.5056
8514,CA-2017-141614,05-06-2017,09-06-2017,Standard Class,NS-18640,Noel Staavos,Corporate,United States,Orlando,Florida,32839,South,OFF-PA-10002787,Office Supplies,Paper,Xerox 227,20.736,4,0.2,7.2576
3854,US-2017-131849,06-06-2017,10-06-2017,Standard Class,GH-14410,Gary Hansen,Home Office,United States,San Francisco,California,94122,West,FUR-FU-10004164,Furniture,Furnishings,Eldon 300 Class Desk Accessories  Black,4.95,1,0,2.178
666,CA-2017-132682,08-06-2017,10-06-2017,Second Class,TH-21235,Tiffany House,Corporate,United States,Dallas,Texas,75081,Central,OFF-SU-10004231,Office Supplies,Supplies,Acme Tagit Stainless Steel Antibacterial Scissors,23.76,3,0.2,2.079
8148,US-2017-146822,09-06-2017,14-06-2017,Standard Class,AG-10675,Anna Gayman,Consumer,United States,Salem,Virginia,24153,South,OFF-PA-10000249,Office Supplies,Paper,Easy-staple paper,49.12,4,0,23.0864
487,CA-2017-140963,10-06-2017,13-06-2017,First Class,MT-18070,Michelle Tran,Home Office,United States,Los Angeles,California,90045,West,TEC-PH-10001924,Technology,Phones,iHome FM Clock Radio with Lightning Dock,279.96,5,0.2,17.4975
4224,CA-2017-134565,11-06-2017,13-06-2017,Second Class,TB-21400,Tom Boeckenhauer,Consumer,United States,Seattle,Washington,98103,West,FUR-BO-10001519,Furniture,Bookcases,O'Sullivan 3-Shelf Heavy-Duty Bookcases,174.42,3,0,41.8608
2638,CA-2017-108441,12-06-2017,18-06-2017,Standard Class,SB-20170,Sarah Bern,Consumer,United States,New York City,New York,10035,East,OFF-PA-10000697,Office Supplies,Paper,TOPS Voice Message Log Book  Flash Format,19.04,4,0,9.3296
7731,CA-2017-104850,13-06-2017,19-06-2017,Standard Class,TW-21025,Tamara Willingham,Home Office,United States,Seattle,Washington,98103,West,FUR-CH-10003774,Furniture,Chairs,Global Wood Trimmed Manager's Task Chair  Khaki,291.136,4,0.2,-25.4744
8703,CA-2017-119284,15-06-2017,20-06-2017,Standard Class,TS-21205,Thomas Seio,Corporate,United States,Nashville,Tennessee,37211,South,OFF-PA-10000312,Office Supplies,Paper,Xerox 1955,91.36,5,0.2,29.692
2707,CA-2017-155873,16-06-2017,21-06-2017,Standard Class,AB-10255,Alejandro Ballentine,Home Office,United States,Carlsbad,New Mexico,88220,West,OFF-PA-10001246,Office Supplies,Paper,Xerox 215,19.44,3,0,9.3312
7916,CA-2017-165323,17-06-2017,21-06-2017,Standard Class,SR-20740,Steven Roelle,Home Office,United States,New York City,New York,10024,East,TEC-AC-10004992,Technology,Accessories,Kingston Digital DataTraveler 64GB USB 2.0,101.34,3,0,8.1072
6304,CA-2017-162712,18-06-2017,20-06-2017,Second Class,NK-18490,Neil Knudson,Home Office,United States,Corpus Christi,Texas,78415,Central,OFF-PA-10000167,Office Supplies,Paper,Xerox 1925,74.352,3,0.2,23.235
9829,CA-2017-169999,19-06-2017,26-06-2017,Standard Class,JS-15685,Jim Sink,Corporate,United States,New York City,New York,10035,East,OFF-BI-10004728,Office Supplies,Binders,Wilson Jones Turn Tabs Binder Tool for Ring Binders,11.568,3,0.2,3.7596
1437,CA-2017-106852,20-06-2017,27-06-2017,Standard Class,ST-20530,Shui Tom,Consumer,United States,Parma,Ohio,44134,East,OFF-AR-10003829,Office Supplies,Art,Newell 35,5.248,2,0.2,0.5904
7895,CA-2017-124744,21-06-2017,25-06-2017,Standard Class,EH-14125,Eugene Hildebrand,Home Office,United States,Wheeling,West Virginia,26003,East,OFF-BI-10002852,Office Supplies,Binders,Ibico Standard Transparent Covers,82.4,5,0,40.376
2765,CA-2017-165757,22-06-2017,28-06-2017,Standard Class,PL-18925,Paul Lucas,Home Office,United States,Philadelphia,Pennsylvania,19140,East,OFF-BI-10003982,Office Supplies,Binders,Wilson Jones Century Plastic Molded Ring Binders,31.155,5,0.7,-23.8855
1512,CA-2017-100384,24-06-2017,01-07-2017,Standard Class,NH-18610,Nicole Hansen,Corporate,United States,Pomona,California,91767,West,OFF-AR-10003514,Office Supplies,Art,4009 Highlighters by Sanford,35.82,9,0,11.8206
1993,CA-2017-133648,25-06-2017,02-07-2017,Standard Class,ML-17755,Max Ludwig,Home Office,United States,Springfield,Oregon,97477,West,OFF-LA-10003923,Office Supplies,Labels,Alphabetical Labels for Top Tab Filing,71.04,6,0.2,26.64
6940,CA-2017-107132,26-06-2017,30-06-2017,Standard Class,SC-20260,Scott Cohen,Corporate,United States,New York City,New York,10009,East,OFF-BI-10001071,Office Supplies,Binders,GBC ProClick Punch Binding System,102.368,2,0.2,37.1084
8734,CA-2017-116988,27-06-2017,29-06-2017,Second Class,PW-19030,Pauline Webber,Corporate,United States,Seattle,Washington,98105,West,FUR-FU-10001290,Furniture,Furnishings,Executive Impressions Supervisor Wall Clock,126.3,3,0,40.416
5733,CA-2017-143574,29-06-2017,02-07-2017,First Class,DR-12880,Dan Reichenbach,Corporate,United States,Milford,Connecticut,6460,East,FUR-BO-10002598,Furniture,Bookcases,Hon Metal Bookcases  Putty,638.82,9,0,185.2578
395,CA-2017-102946,30-06-2017,05-07-2017,Standard Class,VP-21730,Victor Preis,Home Office,United States,Las Vegas,Nevada,89115,West,OFF-BI-10004492,Office Supplies,Binders,Tuf-Vin Binders,75.792,3,0.2,25.5798
3396,US-2017-148362,01-07-2017,08-07-2017,Standard Class,KF-16285,Karen Ferguson,Home Office,United States,Indianapolis,Indiana,46203,Central,OFF-ST-10001128,Office Supplies,Storage,Carina Mini System Audio Rack  Model AR050B,443.92,4,0,13.3176
7696,CA-2017-107958,02-07-2017,05-07-2017,First Class,AH-10120,Adrian Hane,Home Office,United States,Houston,Texas,77036,Central,OFF-PA-10000357,Office Supplies,Paper,White Dual Perf Computer Printout Paper  2700 Sheets  1 Part  Heavyweight  20 lbs.  14 7/8 x 11,163.96,5,0.2,59.4355
3428,US-2017-111024,03-07-2017,06-07-2017,Second Class,SZ-20035,Sam Zeldin,Home Office,United States,Lancaster,Ohio,43130,East,OFF-PA-10000174,Office Supplies,Paper,"Message Book  Wirebound  Four 5 1/2"" X 4"" Forms/Pg.  200 Dupl. Sets/Book",32.896,4,0.2,11.1024
4234,CA-2017-100223,05-07-2017,10-07-2017,Standard Class,LS-16945,Linda Southworth,Corporate,United States,Dallas,Texas,75220,Central,OFF-BI-10004492,Office Supplies,Binders,Tuf-Vin Binders,6.316,1,0.8,-10.4214
6031,US-2017-152492,06-07-2017,06-07-2017,Same Day,AH-10585,Angele Hood,Consumer,United States,Miami,Florida,33142,South,FUR-CH-10000155,Furniture,Chairs,Global Comet Stacking Armless Chair,239.24,1,0.2,23.924
5930,US-2017-169551,07-07-2017,09-07-2017,First Class,RL-19615,Rob Lucas,Consumer,United States,Philadelphia,Pennsylvania,19120,East,FUR-BO-10001519,Furniture,Bookcases,O'Sullivan 3-Shelf Heavy-Duty Bookcases,87.21,3,0.5,-45.3492
1624,CA-2017-108560,08-07-2017,15-07-2017,Standard Class,JC-15385,Jenna Caffey,Consumer,United States,Kent,Washington,98031,West,TEC-AC-10003063,Technology,Accessories,Micro Innovations USB RF Wireless Keyboard with Mouse,50,2,0,10.5
2233,CA-2017-132122,09-07-2017,14-07-2017,Standard Class,JH-15820,John Huston,Consumer,United States,Chicago,Illinois,60610,Central,OFF-ST-10003692,Office Supplies,Storage,Recycled Steel Personal File for Hanging File Folders,228.92,5,0.2,14.3075
3107,CA-2017-127460,10-07-2017,14-07-2017,Standard Class,FG-14260,Frank Gastineau,Home Office,United States,Aurora,Illinois,60505,Central,OFF-ST-10004340,Office Supplies,Storage,Fellowes Mobile File Cart  Black,298.464,6,0.2,26.1156
2705,CA-2017-156818,11-07-2017,13-07-2017,Second Class,JD-16015,Joy Daniels,Consumer,United States,New York City,New York,10009,East,TEC-AC-10002323,Technology,Accessories,SanDisk Ultra 32 GB MicroSDHC Class 10 Memory Card,132.6,6,0,17.238
9010,CA-2017-106047,12-07-2017,18-07-2017,Standard Class,CS-11860,Cari Schnelling,Consumer,United States,Fairfield,Ohio,45014,East,OFF-PA-10000791,Office Supplies,Paper,Wirebound Message Books  Four 2 3/4 x 5 Forms per Page  200 Sets per Book,3.816,1,0.2,1.1925
4805,CA-2017-136364,13-07-2017,17-07-2017,Second Class,MH-17455,Mark Hamilton,Consumer,United States,Philadelphia,Pennsylvania,19140,East,FUR-FU-10002501,Furniture,Furnishings,Nu-Dell Executive Frame,91.008,9,0.2,19.3392
7497,CA-2017-121048,14-07-2017,18-07-2017,Standard Class,TC-21295,Toby Carlisle,Consumer,United States,Westminster,California,92683,West,FUR-FU-10003601,Furniture,Furnishings,Deflect-o RollaMat Studded  Beveled Mat for Medium Pile Carpeting,276.69,3,0,49.8042
7692,US-2017-128951,15-07-2017,17-07-2017,First Class,RS-19420,Ricardo Sperren,Corporate,United States,Suffolk,Virginia,23434,South,OFF-PA-10003177,Office Supplies,Paper,Xerox 1999,12.96,2,0,6.2208
9830,US-2017-152842,16-07-2017,23-07-2017,Standard Class,NF-18385,Natalie Fritzler,Consumer,United States,Charlotte,North Carolina,28205,South,FUR-CH-10004218,Furniture,Chairs,Global Fabric Manager's Chair  Dark Gray,242.352,3,0.2,15.147
4528,US-2017-105046,17-07-2017,23-07-2017,Standard Class,BE-11335,Bill Eplett,Home Office,United States,Rome,New York,13440,East,FUR-FU-10004848,Furniture,Furnishings,DAX Solid Wood Frames,39.08,4,0,14.4596
3918,US-2017-142573,18-07-2017,23-07-2017,Standard Class,ML-17410,Maris LaWare,Consumer,United States,Phoenix,Arizona,85023,West,OFF-BI-10003350,Office Supplies,Binders,Acco Expandable Hanging Binders,7.656,4,0.7,-6.1248
3155,CA-2017-150497,20-07-2017,24-07-2017,Standard Class,SM-20950,Suzanne McNair,Corporate,United States,Maple Grove,Minnesota,55369,Central,OFF-BI-10004600,Office Supplies,Binders,Ibico Ibimaster 300 Manual Binding System,735.98,2,0,331.191
6587,CA-2017-104731,21-07-2017,27-07-2017,Standard Class,AM-10705,Anne McFarland,Consumer,United States,Salem,Virginia,24153,South,OFF-AR-10003829,Office Supplies,Art,Newell 35,19.68,6,0,5.7072
3197,CA-2017-109750,22-07-2017,28-07-2017,Standard Class,FH-14365,Fred Hopkins,Corporate,United States,New York City,New York,10009,East,TEC-PH-10000702,Technology,Phones,"Square Credit Card Reader  4 1/2"" x 4 1/2"" x 1""  White",29.97,3,0,14.0859
9231,CA-2017-133718,23-07-2017,26-07-2017,First Class,TB-21520,Tracy Blumstein,Consumer,United States,Los Angeles,California,90045,West,OFF-PA-10002689,Office Supplies,Paper,Weyerhaeuser First Choice Laser/Copy Paper (20Lb. and 88 Bright),58.32,9,0,27.9936
6902,US-2017-135013,24-07-2017,24-07-2017,Same Day,HR-14830,Harold Ryan,Corporate,United States,Huntington Beach,California,92646,West,TEC-CO-10001449,Technology,Copiers,Hewlett Packard LaserJet 3310 Copier,2399.96,5,0.2,839.986
6787,CA-2017-121293,25-07-2017,28-07-2017,Second Class,JC-15775,John Castell,Consumer,United States,Philadelphia,Pennsylvania,19143,East,OFF-PA-10004100,Office Supplies,Paper,Xerox 216,20.736,4,0.2,7.2576
8302,US-2017-167318,26-07-2017,01-08-2017,Standard Class,GZ-14545,George Zrebassa,Corporate,United States,Los Angeles,California,90036,West,TEC-AC-10003870,Technology,Accessories,Logitech Z-906 Speaker sys - home theater - 5.1-CH,1649.95,5,0,659.98
4126,CA-2017-123239,27-07-2017,31-07-2017,Second Class,MG-18145,Mike Gockenbach,Consumer,United States,Jacksonville,Florida,32216,South,FUR-FU-10001602,Furniture,Furnishings,"Eldon Delta Triangular Chair Mat  52"" x 58""  Clear",91.032,3,0.2,-2.2758
2221,CA-2017-130841,28-07-2017,01-08-2017,Standard Class,MH-17620,Matt Hagelstein,Corporate,United States,San Francisco,California,94110,West,TEC-PH-10001817,Technology,Phones,Wilson Electronics DB Pro Signal Booster,1145.6,4,0.2,100.24
1845,US-2017-113852,29-07-2017,02-08-2017,Standard Class,GW-14605,Giulietta Weimer,Consumer,United States,Seattle,Washington,98115,West,TEC-AC-10003027,Technology,Accessories,Imation 8GB Mini TravelDrive USB 2.0 Flash Drive,90.57,3,0,11.7741
7659,CA-2017-155740,30-07-2017,02-08-2017,First Class,TC-21475,Tony Chapman,Home Office,United States,Lakewood,Ohio,44107,East,OFF-BI-10001071,Office Supplies,Binders,GBC ProClick Punch Binding System,76.776,4,0.7,-53.7432
9703,CA-2017-147032,31-07-2017,04-08-2017,Standard Class,LB-16795,Laurel Beltran,Home Office,United States,Wilmington,Delaware,19805,East,OFF-PA-10003256,Office Supplies,Paper,Avery Personal Creations Heavyweight Cards,11.54,1,0,5.5392
1010,CA-2017-135034,01-08-2017,03-08-2017,First Class,AT-10735,Annie Thurman,Consumer,United States,Chicago,Illinois,60653,Central,TEC-PH-10003931,Technology,Phones,JBL Micro Wireless Portable Bluetooth Speaker,95.984,2,0.2,5.999
7088,US-2017-143175,03-08-2017,06-08-2017,Second Class,GA-14515,George Ashbrook,Consumer,United States,Los Angeles,California,90004,West,OFF-ST-10003123,Office Supplies,Storage,Fellowes Bases and Tops For Staxonsteel/High-Stak Systems,99.87,3,0,23.9688
5091,CA-2017-132738,04-08-2017,07-08-2017,First Class,HM-14860,Harry Marie,Corporate,United States,Loveland,Colorado,80538,West,OFF-EN-10001141,Office Supplies,Envelopes,"Manila Recycled Extra-Heavyweight Clasp Envelopes  6"" x 9""",8.784,1,0.2,3.1842
6081,CA-2017-154676,05-08-2017,08-08-2017,First Class,NZ-18565,Nick Zandusky,Home Office,United States,Houston,Texas,77070,Central,OFF-ST-10001172,Office Supplies,Storage,Tennsco Lockers  Sand,151.056,9,0.2,7.5528
6399,CA-2017-151981,06-08-2017,12-08-2017,Standard Class,GM-14455,Gary Mitchum,Home Office,United States,Concord,New Hampshire,3301,East,TEC-PH-10003601,Technology,Phones,Ativa D5772 2-Line 5.8GHz Digital Expandable Corded/Cordless Phone System with Answering & Caller ID/Call Waiting  Black/Silver,824.95,5,0,247.485
4105,US-2017-155999,07-08-2017,13-08-2017,Standard Class,JK-15370,Jay Kimmel,Consumer,United States,San Diego,California,92105,West,TEC-PH-10000439,Technology,Phones,GE DSL Phone Line Filter,159.96,5,0.2,17.9955
6728,CA-2017-145443,10-08-2017,15-08-2017,Second Class,SC-20695,Steve Chapman,Corporate,United States,Richmond,Indiana,47374,Central,OFF-PA-10003302,Office Supplies,Paper,Xerox 1906,177.2,5,0,83.284
6693,CA-2017-160899,11-08-2017,13-08-2017,Second Class,DR-12940,Daniel Raglin,Home Office,United States,Lake Charles,Louisiana,70601,South,OFF-BI-10000632,Office Supplies,Binders,Satellite Sectional Post Binders,477.51,11,0,219.6546
5762,CA-2017-158169,12-08-2017,15-08-2017,First Class,JM-16195,Justin MacKendrick,Consumer,United States,Lake Forest,California,92630,West,OFF-AP-10000828,Office Supplies,Appliances,Avanti 4.4 Cu. Ft. Refrigerator,542.94,3,0,152.0232
7376,CA-2017-100580,13-08-2017,20-08-2017,Standard Class,MK-17905,Michael Kennedy,Corporate,United States,San Diego,California,92037,West,OFF-BI-10000069,Office Supplies,Binders,GBC Prepunched Paper  19-Hole  for Binding Systems  24-lb,36.024,3,0.2,11.7078
2398,CA-2017-169264,14-08-2017,16-08-2017,Second Class,NP-18700,Nora Preis,Consumer,United States,San Francisco,California,94109,West,OFF-LA-10001613,Office Supplies,Labels,Avery File Folder Labels,5.76,2,0,2.8224
2535,US-2017-117723,15-08-2017,18-08-2017,Second Class,DL-13495,Dionis Lloyd,Corporate,United States,Philadelphia,Pennsylvania,19120,East,OFF-ST-10004459,Office Supplies,Storage,Tennsco Single-Tier Lockers,1801.632,6,0.2,-337.806
7267,CA-2017-122987,16-08-2017,16-08-2017,Same Day,SJ-20215,Sarah Jordon,Consumer,United States,Columbia,Tennessee,38401,South,OFF-BI-10002824,Office Supplies,Binders,Recycled Easel Ring Binders,13.428,3,0.7,-11.19
1921,US-2017-111423,17-08-2017,19-08-2017,First Class,EH-13765,Edward Hooks,Corporate,United States,Watertown,New York,13601,East,FUR-CH-10003981,Furniture,Chairs,Global Commerce Series Low-Back Swivel/Tilt Chairs,462.564,2,0.1,97.6524
6212,CA-2017-119809,18-08-2017,25-08-2017,Standard Class,YS-21880,Yana Sorensen,Corporate,United States,Seattle,Washington,98103,West,FUR-FU-10001475,Furniture,Furnishings,"Contract Clock  14""  Brown",65.94,3,0,22.4196
8806,US-2017-100398,19-08-2017,23-08-2017,Standard Class,DO-13435,Denny Ordway,Consumer,United States,Salt Lake City,Utah,84106,West,OFF-BI-10002133,Office Supplies,Binders,"Wilson Jones Elliptical Ring 3 1/2"" Capacity Binders  800 sheets",102.72,3,0.2,37.236
8860,US-2017-114356,20-08-2017,26-08-2017,Standard Class,TT-21460,Tonja Turnell,Home Office,United States,Charlotte,North Carolina,28205,South,TEC-PH-10003171,Technology,Phones,Plantronics Encore H101 Dual Earpieces Headset,35.96,1,0.2,3.596
3605,CA-2017-112956,21-08-2017,27-08-2017,Standard Class,TH-21550,Tracy Hopkins,Home Office,United States,Columbia,Maryland,21044,East,FUR-FU-10003976,Furniture,Furnishings,DAX Executive Solid Wood Document Frame  Desktop or Hang  Mahogany  5 x 7,25.16,2,0,8.5544
6105,US-2017-132381,22-08-2017,24-08-2017,First Class,Dp-13240,Dean percer,Home Office,United States,Philadelphia,Pennsylvania,19143,East,FUR-TA-10002356,Furniture,Tables,Bevis Boat-Shaped Conference Table,314.532,2,0.4,-83.8752
4298,CA-2017-129021,23-08-2017,26-08-2017,Second Class,PO-18850,Patrick O'Brill,Consumer,United States,Tallahassee,Florida,32303,South,TEC-PH-10001459,Technology,Phones,Samsung Galaxy Mega 6.3,4367.896,13,0.2,327.5922
5403,CA-2017-123043,24-08-2017,29-08-2017,Standard Class,AH-10195,Alan Haines,Corporate,United States,New York City,New York,10024,East,OFF-BI-10003910,Office Supplies,Binders,DXL Angle-View Binders with Locking Rings by Samsill,24.672,4,0.2,7.71
7914,US-2017-105697,25-08-2017,27-08-2017,First Class,JE-15715,Joe Elijah,Consumer,United States,Cleveland,Ohio,44105,East,OFF-ST-10003996,Office Supplies,Storage,Letter/Legal File Tote with Clear Snap-On Lid  Black Granite,25.696,2,0.2,1.9272
2717,CA-2017-128475,26-08-2017,01-09-2017,Standard Class,SC-20680,Steve Carroll,Home Office,United States,Columbus,Georgia,31907,South,TEC-AC-10000158,Technology,Accessories,Sony 64GB Class 10 Micro SDHC R40 Memory Card,71.98,2,0,15.1158
9386,CA-2017-163097,27-08-2017,31-08-2017,Standard Class,SF-20200,Sarah Foster,Consumer,United States,Mesa,Arizona,85204,West,FUR-FU-10004973,Furniture,Furnishings,Flat Face Poster Frame,120.576,8,0.2,33.1584
3923,CA-2017-146920,28-08-2017,01-09-2017,Standard Class,SC-20305,Sean Christensen,Consumer,United States,Chicago,Illinois,60623,Central,OFF-PA-10002479,Office Supplies,Paper,Xerox 4200 Series MultiUse Premium Copy Paper (20Lb. and 84 Bright),25.344,6,0.2,7.92
1942,CA-2017-144064,29-08-2017,01-09-2017,First Class,CP-12085,Cathy Prescott,Corporate,United States,Quincy,Illinois,62301,Central,OFF-LA-10004544,Office Supplies,Labels,Avery 505,47.36,4,0.2,17.76
5610,CA-2017-117198,31-08-2017,05-09-2017,Standard Class,BG-11035,Barry Gonzalez,Consumer,United States,Monroe,Louisiana,71203,South,TEC-AC-10003033,Technology,Accessories,Plantronics CS510 - Over-the-Head monaural Wireless Headset System,659.9,2,0,217.767
9031,CA-2017-128041,01-09-2017,01-09-2017,Same Day,RW-19540,Rick Wilson,Corporate,United States,Seattle,Washington,98103,West,OFF-AP-10001005,Office Supplies,Appliances,Honeywell Quietcare HEPA Air Cleaner,314.6,4,0,103.818
6680,CA-2017-145037,02-09-2017,07-09-2017,Second Class,TB-21055,Ted Butterfield,Consumer,United States,Meriden,Connecticut,6450,East,OFF-ST-10000918,Office Supplies,Storage,Crate-A-Files,10.9,1,0,2.834
5826,CA-2017-161067,03-09-2017,06-09-2017,Second Class,KB-16405,Katrina Bavinger,Home Office,United States,New York City,New York,10035,East,OFF-PA-10000418,Office Supplies,Paper,Xerox 189,419.4,4,0,201.312
3514,CA-2017-140326,04-09-2017,06-09-2017,First Class,HW-14935,Helen Wasserman,Corporate,United States,Chicago,Illinois,60653,Central,OFF-PA-10004041,Office Supplies,Paper,"It's Hot Message Books with Stickers  2 3/4"" x 5""",17.76,3,0.2,5.55
3488,CA-2017-120705,05-09-2017,11-09-2017,Standard Class,MG-17875,Michael Grace,Home Office,United States,Fort Lauderdale,Florida,33311,South,OFF-ST-10001522,Office Supplies,Storage,Gould Plastics 18-Pocket Panel Bin  34w x 5-1/4d x 20-1/2h,147.184,2,0.2,-29.4368
9329,US-2017-130687,07-09-2017,10-09-2017,First Class,PF-19225,Phillip Flathmann,Consumer,United States,Edmonds,Washington,98026,West,OFF-AR-10004260,Office Supplies,Art,Boston 1799 Powerhouse Electric Pencil Sharpener,25.98,1,0,7.2744
8620,CA-2017-132437,08-09-2017,13-09-2017,Second Class,EM-14095,Eudokia Martin,Corporate,United States,New York City,New York,10024,East,OFF-ST-10001031,Office Supplies,Storage,Adjustable Personal File Tote,65.12,4,0,16.9312
1215,US-2017-118087,09-09-2017,13-09-2017,Standard Class,SP-20620,Stefania Perrino,Corporate,United States,Philadelphia,Pennsylvania,19134,East,OFF-BI-10000069,Office Supplies,Binders,GBC Prepunched Paper  19-Hole  for Binding Systems  24-lb,4.503,1,0.7,-3.6024
2847,CA-2017-152093,10-09-2017,15-09-2017,Standard Class,SN-20560,Skye Norling,Home Office,United States,Chicago,Illinois,60653,Central,OFF-BI-10003527,Office Supplies,Binders,Fellowes PB500 Electric Punch Plastic Comb Binding Machine with Manual Bind,762.594,3,0.8,-1143.891
4368,CA-2017-117044,11-09-2017,13-09-2017,Second Class,HA-14920,Helen Andreada,Consumer,United States,Chicago,Illinois,60623,Central,OFF-FA-10000936,Office Supplies,Fasteners,Acco Hot Clips Clips to Go,10.528,4,0.2,3.29
2078,CA-2017-140676,12-09-2017,15-09-2017,First Class,BF-11080,Bart Folk,Consumer,United States,Baltimore,Maryland,21215,East,OFF-AP-10000358,Office Supplies,Appliances,Fellowes Basic Home/Office Series Surge Protectors,90.86,7,0,26.3494
7664,CA-2017-139493,13-09-2017,19-09-2017,Standard Class,SG-20605,Speros Goranitis,Consumer,United States,Asheville,North Carolina,28806,South,OFF-AR-10003158,Office Supplies,Art,Fluorescent Highlighters by Dixon,15.92,5,0.2,2.786
6815,CA-2017-156237,14-09-2017,15-09-2017,First Class,PS-18760,Pamela Stobb,Consumer,United States,Philadelphia,Pennsylvania,19140,East,TEC-MA-10001681,Technology,Machines,Lexmark MarkNet N8150 Wireless Print Server,241.17,2,0.7,-168.819
6757,CA-2017-124205,15-09-2017,19-09-2017,Standard Class,TC-21145,Theresa Coyne,Corporate,United States,Lakewood,New Jersey,8701,East,FUR-CH-10003606,Furniture,Chairs,SAFCO Folding Chair Trolley,512.96,4,0,143.6288
5984,CA-2017-112984,16-09-2017,18-09-2017,Second Class,EH-14185,Evan Henry,Consumer,United States,Philadelphia,Pennsylvania,19143,East,OFF-PA-10003657,Office Supplies,Paper,Xerox 1927,20.544,6,0.2,6.42
8879,CA-2017-126928,17-09-2017,23-09-2017,Standard Class,GZ-14470,Gary Zandusky,Consumer,United States,Morristown,New Jersey,7960,East,OFF-ST-10000615,Office Supplies,Storage,SimpliFile Personal File  Black Granite  15w x 6-15/16d x 11-1/4h,34.05,3,0,9.534
5324,CA-2017-134439,18-09-2017,23-09-2017,Second Class,TM-21010,Tamara Manning,Consumer,United States,Grand Island,Nebraska,68801,Central,OFF-PA-10004082,Office Supplies,Paper,Adams Telephone Message Book w/Frequently-Called Numbers Space  400 Messages per Book,15.96,2,0,7.98
6722,CA-2017-102974,19-09-2017,24-09-2017,Standard Class,DP-13105,Dave Poirier,Corporate,United States,Los Angeles,California,90032,West,OFF-AR-10000914,Office Supplies,Art,Boston 16765 Mini Stand Up Battery Pencil Sharpener,23.32,2,0,6.0632
6100,CA-2017-100111,20-09-2017,26-09-2017,Standard Class,SV-20365,Seth Vernon,Consumer,United States,New York City,New York,10035,East,FUR-CH-10004086,Furniture,Chairs,Hon 4070 Series Pagoda Armless Upholstered Stacking Chairs,2888.127,11,0.1,609.7157
4757,CA-2017-169817,21-09-2017,25-09-2017,Standard Class,EB-13870,Emily Burns,Consumer,United States,Philadelphia,Pennsylvania,19143,East,OFF-BI-10004141,Office Supplies,Binders,Insertable Tab Indexes For Data Binders,1.908,2,0.7,-1.5264
2124,CA-2017-167381,22-09-2017,24-09-2017,Second Class,EH-14005,Erica Hernandez,Home Office,United States,Lansing,Michigan,48911,Central,OFF-LA-10000134,Office Supplies,Labels,Avery 511,27.72,9,0,13.3056
3798,CA-2017-121314,23-09-2017,26-09-2017,First Class,BE-11410,Bobby Elias,Consumer,United States,Miami,Florida,33178,South,OFF-PA-10003395,Office Supplies,Paper,Xerox 1941,251.64,3,0.2,88.074
9353,CA-2017-148411,24-09-2017,26-09-2017,First Class,RO-19780,Rose O'Brian,Consumer,United States,Chicago,Illinois,60623,Central,FUR-CH-10003973,Furniture,Chairs,GuestStacker Chair with Chrome Finish Legs,520.464,2,0.3,-14.8704
7871,CA-2017-122112,25-09-2017,29-09-2017,Standard Class,CA-11965,Carol Adams,Corporate,United States,Lakewood,Ohio,44107,East,OFF-EN-10004459,Office Supplies,Envelopes,Security-Tint Envelopes,24.448,4,0.2,8.8624
7763,CA-2017-156391,26-09-2017,28-09-2017,First Class,SL-20155,Sara Luxemburg,Home Office,United States,Salem,Oregon,97301,West,OFF-AR-10003251,Office Supplies,Art,Prang Drawing Pencil Set,2.224,1,0.2,0.556
1069,US-2017-139955,28-09-2017,30-09-2017,Second Class,CM-12160,Charles McCrossin,Consumer,United States,Brownsville,Texas,78521,Central,OFF-SU-10001935,Office Supplies,Supplies,Staple remover,1.744,1,0.2,-0.3488
8591,CA-2017-126676,29-09-2017,01-10-2017,First Class,FH-14365,Fred Hopkins,Corporate,United States,Hempstead,New York,11550,East,OFF-EN-10004846,Office Supplies,Envelopes,Letter or Legal Size Expandable Poly String Tie Envelopes,7.98,3,0,3.9102
6694,CA-2017-144225,30-09-2017,02-10-2017,Second Class,CC-12475,Cindy Chapman,Consumer,United States,Baltimore,Maryland,21215,East,OFF-PA-10000062,Office Supplies,Paper,Green Bar Computer Printout Paper,164.88,3,0,80.7912
2214,CA-2017-129378,01-10-2017,02-10-2017,First Class,NS-18505,Neola Schneider,Consumer,United States,San Jose,California,95123,West,OFF-BI-10002012,Office Supplies,Binders,Wilson Jones Easy Flow II Sheet Lifters,1.44,1,0.2,0.504
5556,CA-2017-116113,02-10-2017,06-10-2017,Second Class,JW-15220,Jane Waco,Corporate,United States,Montgomery,Alabama,36116,South,FUR-FU-10002963,Furniture,Furnishings,Master Caster Door Stop  Gray,10.16,2,0,3.4544
8115,CA-2017-144820,03-10-2017,07-10-2017,Second Class,LW-16825,Laurel Workman,Corporate,United States,Pasadena,Texas,77506,Central,OFF-AR-10004817,Office Supplies,Art,Colorific Watercolor Pencils,20.64,5,0.2,2.322
5582,CA-2017-163818,04-10-2017,08-10-2017,Standard Class,PS-18970,Paul Stevenson,Home Office,United States,Clinton,Maryland,20735,East,FUR-FU-10000076,Furniture,Furnishings,24-Hour Round Wall Clock,19.98,1,0,8.5914
6341,CA-2017-143112,05-10-2017,09-10-2017,Standard Class,TS-21370,Todd Sumrall,Corporate,United States,New York City,New York,10035,East,TEC-MA-10001047,Technology,Machines,3D Systems Cube Printer  2nd Generation  Magenta,5199.96,4,0,1351.9896
3051,US-2017-148054,06-10-2017,11-10-2017,Standard Class,NZ-18565,Nick Zandusky,Home Office,United States,Meridian,Idaho,83642,West,FUR-FU-10003247,Furniture,Furnishings,36X48 HARDFLOOR CHAIRMAT,41.96,2,0,2.9372
5281,CA-2017-152709,07-10-2017,12-10-2017,Standard Class,DB-13210,Dean Braden,Consumer,United States,Detroit,Michigan,48234,Central,OFF-ST-10001837,Office Supplies,Storage,SAFCO Mobile Desk Side File  Wire Frame,85.52,2,0,22.2352
5888,CA-2017-151596,08-10-2017,11-10-2017,First Class,BP-11050,Barry Pond,Corporate,United States,Cranston,Rhode Island,2920,East,OFF-ST-10001837,Office Supplies,Storage,SAFCO Mobile Desk Side File  Wire Frame,42.76,1,0,11.1176
4917,CA-2017-163125,09-10-2017,11-10-2017,Second Class,MB-17305,Maria Bertelson,Consumer,United States,League City,Texas,77573,Central,OFF-AR-10004344,Office Supplies,Art,Bulldog Vacuum Base Pencil Sharpener,67.144,7,0.2,5.8751
8944,CA-2017-111717,10-10-2017,16-10-2017,Standard Class,SW-20245,Scot Wooten,Consumer,United States,Aurora,Illinois,60505,Central,FUR-CH-10001545,Furniture,Chairs,Hon Comfortask Task/Swivel Chairs,239.358,3,0.3,-47.8716
9487,CA-2017-130505,12-10-2017,12-10-2017,Same Day,NF-18385,Natalie Fritzler,Consumer,United States,Wheeling,West Virginia,26003,East,FUR-TA-10001932,Furniture,Tables,"Chromcraft 48"" x 96"" Racetrack Double Pedestal Table",673.344,3,0.3,-76.9536
278,CA-2017-132976,13-10-2017,17-10-2017,Standard Class,AG-10495,Andrew Gjertsen,Corporate,United States,Philadelphia,Pennsylvania,19140,East,OFF-PA-10004470,Office Supplies,Paper,"Adams Write n' Stick Phone Message Book  11"" X 5 1/4""  200 Messages",18.176,4,0.2,5.9072
1752,CA-2017-168837,14-10-2017,17-10-2017,First Class,JW-15955,Joni Wasserman,Consumer,United States,Oakland,California,94601,West,FUR-FU-10001918,Furniture,Furnishings,C-Line Cubicle Keepers Polyproplyene Holder With Velcro Backings,9.46,2,0,3.6894
1329,CA-2017-106033,15-10-2017,18-10-2017,Second Class,FG-14260,Frank Gastineau,Home Office,United States,San Francisco,California,94110,West,OFF-AR-10002818,Office Supplies,Art,Panasonic KP-310 Heavy-Duty Electric Pencil Sharpener,87.92,4,0,26.376
5338,CA-2017-111577,16-10-2017,21-10-2017,Standard Class,AJ-10780,Anthony Jacobs,Corporate,United States,Scottsdale,Arizona,85254,West,OFF-PA-10000062,Office Supplies,Paper,Green Bar Computer Printout Paper,307.776,7,0.2,111.5688
396,CA-2017-165603,17-10-2017,19-10-2017,Second Class,SS-20140,Saphhira Shifley,Corporate,United States,Warwick,Rhode Island,2886,East,OFF-ST-10000798,Office Supplies,Storage,2300 Heavy-Duty Transfer File Systems by Perma,49.96,2,0,9.4924
1361,CA-2017-125199,19-10-2017,25-10-2017,Standard Class,HM-14860,Harry Marie,Corporate,United States,Philadelphia,Pennsylvania,19120,East,OFF-AR-10002956,Office Supplies,Art,Boston 16801 Nautilus Battery Pencil Sharpener,123.256,7,0.2,9.2442
5260,CA-2017-158722,20-10-2017,26-10-2017,Standard Class,MA-17560,Matt Abelman,Home Office,United States,Philadelphia,Pennsylvania,19120,East,OFF-PA-10000176,Office Supplies,Paper,Xerox 1887,45.528,3,0.2,15.9348
6196,CA-2017-113453,21-10-2017,28-10-2017,Standard Class,CM-12160,Charles McCrossin,Consumer,United States,Philadelphia,Pennsylvania,19143,East,TEC-PH-10004165,Technology,Phones,Mitel MiVoice 5330e IP Phone,329.988,2,0.4,-76.9972
2624,CA-2017-127180,22-10-2017,24-10-2017,First Class,TA-21385,Tom Ashbrook,Home Office,United States,New York City,New York,10024,East,TEC-CO-10004722,Technology,Copiers,Canon imageCLASS 2200 Advanced Copier,11199.968,4,0.2,3919.9888
4149,CA-2017-106068,23-10-2017,28-10-2017,Standard Class,RB-19330,Randy Bradley,Consumer,United States,Austin,Texas,78745,Central,OFF-ST-10004507,Office Supplies,Storage,Advantus Rolling Storage Box,13.72,1,0.2,1.2005
8678,CA-2017-141705,24-10-2017,26-10-2017,First Class,PO-18850,Patrick O'Brill,Consumer,United States,Mansfield,Texas,76063,Central,FUR-TA-10004607,Furniture,Tables,Hon 2111 Invitation Series Straight Table,517.405,5,0.3,-81.3065
87,CA-2017-155558,26-10-2017,02-11-2017,Standard Class,PG-18895,Paul Gonzalez,Consumer,United States,Rochester,Minnesota,55901,Central,TEC-AC-10001998,Technology,Accessories,Logitech LS21 Speaker System - PC Multimedia - 2.1-CH - Wired,19.99,1,0,6.7966
5674,CA-2017-127922,27-10-2017,03-11-2017,Standard Class,SH-19975,Sally Hughsby,Corporate,United States,Dallas,Texas,75081,Central,OFF-PA-10001204,Office Supplies,Paper,Xerox 1972,8.448,2,0.2,2.64
6497,CA-2017-111262,28-10-2017,01-11-2017,Second Class,KH-16510,Keith Herrera,Consumer,United States,Houston,Texas,77095,Central,TEC-AC-10004510,Technology,Accessories,Logitech Desktop MK120 Mouse and keyboard Combo,26.176,2,0.2,-3.272
899,CA-2017-160983,29-10-2017,31-10-2017,Second Class,GB-14530,George Bell,Corporate,United States,Auburn,New York,13021,East,OFF-PA-10002250,Office Supplies,Paper,Things To Do Today Pad,46.96,8,0,22.5408
1494,CA-2017-139661,30-10-2017,03-11-2017,Standard Class,JW-15220,Jane Waco,Corporate,United States,Vancouver,Washington,98661,West,FUR-FU-10002885,Furniture,Furnishings,Magna Visual Magnetic Picture Hangers,9.64,2,0,3.6632
7828,CA-2017-117114,31-10-2017,05-11-2017,Standard Class,CY-12745,Craig Yedwab,Corporate,United States,Chicago,Illinois,60610,Central,OFF-EN-10001137,Office Supplies,Envelopes,#10 Gummed Flap White Envelopes  100/Box,9.912,3,0.2,3.2214
8226,CA-2017-104136,01-11-2017,04-11-2017,Second Class,SF-20065,Sandra Flanagan,Consumer,United States,Everett,Massachusetts,2149,East,OFF-PA-10004243,Office Supplies,Paper,Xerox 1939,189.7,10,0,91.056
6823,US-2017-115609,02-11-2017,07-11-2017,Standard Class,CS-12505,Cindy Stewart,Consumer,United States,Los Angeles,California,90036,West,OFF-AP-10003040,Office Supplies,Appliances,Fellowes 8 Outlet Superior Workstation Surge Protector w/o Phone/Fax/Modem Protection,168.1,5,0,43.706
416,CA-2017-142636,03-11-2017,07-11-2017,Standard Class,KC-16675,Kimberly Carter,Corporate,United States,Seattle,Washington,98105,West,FUR-CH-10001891,Furniture,Chairs,Global Deluxe Office Fabric Chairs,307.136,4,0.2,26.8744
8914,CA-2017-102610,04-11-2017,08-11-2017,Standard Class,CA-12265,Christina Anderson,Consumer,United States,Chattanooga,Tennessee,37421,South,OFF-LA-10002195,Office Supplies,Labels,Avery 481,4.928,2,0.2,1.7248
9499,CA-2017-118213,05-11-2017,07-11-2017,First Class,AB-10060,Adam Bellavance,Home Office,United States,Greenwood,Indiana,46142,Central,OFF-PA-10000565,Office Supplies,Paper,Easy-staple paper,167.94,3,0,82.2906
3046,CA-2017-125290,06-11-2017,10-11-2017,Second Class,CC-12430,Chuck Clark,Home Office,United States,Minneapolis,Minnesota,55407,Central,OFF-AR-10001216,Office Supplies,Art,Newell 339,13.9,5,0,3.614
3560,CA-2017-152737,07-11-2017,12-11-2017,Standard Class,TS-21505,Tony Sayre,Consumer,United States,San Francisco,California,94122,West,TEC-AC-10004975,Technology,Accessories,Plantronics Audio 995 Wireless Stereo Headset,439.8,4,0,145.134
8093,CA-2017-143658,08-11-2017,13-11-2017,Second Class,SR-20425,Sharelle Roach,Home Office,United States,New York City,New York,10035,East,OFF-AR-10002818,Office Supplies,Art,Panasonic KP-310 Heavy-Duty Electric Pencil Sharpener,109.9,5,0,32.97
3184,CA-2017-152912,09-11-2017,12-11-2017,Second Class,BM-11650,Brian Moss,Corporate,United States,Columbia,Maryland,21044,East,OFF-ST-10003208,Office Supplies,Storage,Adjustable Depth Letter/Legal Cart,1633.14,9,0,473.6106
8530,CA-2017-137624,10-11-2017,17-11-2017,Standard Class,ME-17320,Maria Etezadi,Home Office,United States,Los Angeles,California,90008,West,FUR-CH-10001714,Furniture,Chairs,Global Leather & Oak Executive Chair  Burgundy,241.424,2,0.2,-36.2136
901,CA-2017-150959,11-11-2017,13-11-2017,First Class,TD-20995,Tamara Dahlen,Consumer,United States,Garland,Texas,75043,Central,OFF-LA-10001045,Office Supplies,Labels,Permanent Self-Adhesive File Folder Labels for Typewriters by Universal,10.44,5,0.2,3.393
3137,CA-2017-164168,12-11-2017,18-11-2017,Standard Class,LS-16975,Lindsay Shagiari,Home Office,United States,Dallas,Texas,75081,Central,TEC-PH-10004908,Technology,Phones,Panasonic KX TS3282W Corded phone,67.992,1,0.2,8.499
3784,CA-2017-165204,13-11-2017,16-11-2017,Second Class,MN-17935,Michael Nguyen,Consumer,United States,Memphis,Tennessee,38109,South,OFF-ST-10003716,Office Supplies,Storage,Tennsco Double-Tier Lockers,720.064,4,0.2,-63.0056
616,CA-2017-138611,14-11-2017,17-11-2017,Second Class,CK-12595,Clytie Kelty,Consumer,United States,Grove City,Ohio,43123,East,OFF-BI-10002949,Office Supplies,Binders,Prestige Round Ring Binders,3.648,2,0.7,-2.7968
4076,CA-2017-108112,15-11-2017,20-11-2017,Standard Class,DK-12895,Dana Kaydos,Consumer,United States,Miramar,Florida,33023,South,FUR-FU-10001488,Furniture,Furnishings,"Tenex 46"" x 60"" Computer Anti-Static Chairmat  Rectangular Shaped",339.136,4,0.2,0
4172,CA-2017-100601,16-11-2017,20-11-2017,Standard Class,JK-15370,Jay Kimmel,Consumer,United States,Fresno,California,93727,West,OFF-ST-10002486,Office Supplies,Storage,Eldon Shelf Savers Cubes and Bins,48.86,7,0,0.9772
9988,CA-2017-163629,17-11-2017,21-11-2017,Standard Class,RA-19885,Ruben Ausman,Corporate,United States,Athens,Georgia,30605,South,TEC-AC-10001539,Technology,Accessories,Logitech G430 Surround Sound Gaming Headset with Dolby 7.1 Technology,79.99,1,0,28.7964
1657,US-2017-132444,18-11-2017,21-11-2017,First Class,CD-12280,Christina DeMoss,Consumer,United States,Seattle,Washington,98105,West,OFF-ST-10000563,Office Supplies,Storage,Fellowes Bankers Box Stor/Drawer Steel Plus,95.94,3,0,9.594
547,CA-2017-162929,19-11-2017,22-11-2017,First Class,AS-10135,Adrian Shami,Home Office,United States,New York City,New York,10035,East,OFF-BI-10000404,Office Supplies,Binders,Avery Printable Repositionable Plastic Tabs,41.28,6,0.2,13.932
1814,US-2017-161193,20-11-2017,26-11-2017,Standard Class,BT-11680,Brian Thompson,Consumer,United States,Newark,Ohio,43055,East,FUR-FU-10000206,Furniture,Furnishings,GE General Purpose  Extra Long Life  Showcase & Floodlight Incandescent Bulbs,4.656,2,0.2,1.5714
2213,CA-2017-107874,21-11-2017,25-11-2017,Standard Class,SW-20275,Scott Williamson,Consumer,United States,New York City,New York,10035,East,FUR-FU-10003535,Furniture,Furnishings,Howard Miller Distant Time Traveler Alarm Clock,27.42,1,0,11.2422
3723,CA-2017-144036,22-11-2017,26-11-2017,Standard Class,FO-14305,Frank Olsen,Consumer,United States,Houston,Texas,77070,Central,OFF-AR-10000122,Office Supplies,Art,Newell 314,35.712,8,0.2,2.232
4775,CA-2017-119746,23-11-2017,27-11-2017,Standard Class,CM-12385,Christopher Martinez,Consumer,United States,Chicago,Illinois,60610,Central,TEC-PH-10004447,Technology,Phones,Toshiba IPT2010-SD IP Telephone,222.384,2,0.2,16.6788
2594,CA-2017-128300,24-11-2017,26-11-2017,Second Class,RS-19765,Roland Schwarz,Corporate,United States,Summerville,South Carolina,29483,South,OFF-BI-10001597,Office Supplies,Binders,"Wilson Jones Ledger-Size  Piano-Hinge Binder  2""  Blue",327.84,8,0,157.3632
8661,CA-2017-124765,25-11-2017,30-11-2017,Standard Class,HZ-14950,Henia Zydlo,Consumer,United States,Fort Lauderdale,Florida,33311,South,FUR-BO-10003965,Furniture,Bookcases,O'Sullivan Manor Hill 2-Door Library in Brianna Oak,723.92,5,0.2,-81.441
7133,CA-2017-141439,26-11-2017,01-12-2017,Standard Class,TT-21460,Tonja Turnell,Home Office,United States,Richmond,Indiana,47374,Central,TEC-PH-10002624,Technology,Phones,Samsung Galaxy S4 Mini,1879.96,4,0,545.1884
1935,CA-2017-101245,27-11-2017,03-12-2017,Standard Class,LW-16990,Lindsay Williams,Corporate,United States,San Francisco,California,94109,West,OFF-PA-10003129,Office Supplies,Paper,Tops White Computer Printout Paper,244.55,5,0,114.9385
2661,CA-2017-123372,28-11-2017,02-12-2017,Standard Class,DG-13300,Deirdre Greer,Corporate,United States,New York City,New York,10035,East,TEC-PH-10002834,Technology,Phones,Google Nexus 5,1979.89,11,0,494.9725
7391,CA-2017-108035,29-11-2017,03-12-2017,Standard Class,TT-21070,Ted Trevino,Consumer,United States,Chattanooga,Tennessee,37421,South,FUR-FU-10004017,Furniture,Furnishings,"Executive Impressions 13"" Chairman Wall Clock",101.52,5,0.2,19.035
5066,CA-2017-142090,30-11-2017,07-12-2017,Standard Class,SC-20380,Shahid Collister,Consumer,United States,Burlington,North Carolina,27217,South,TEC-AC-10002001,Technology,Accessories,Logitech Wireless Gaming Headset G930,383.976,3,0.2,81.5949
207,CA-2017-135860,01-12-2017,07-12-2017,Standard Class,JH-15985,Joseph Holt,Consumer,United States,Saginaw,Michigan,48601,Central,OFF-ST-10000642,Office Supplies,Storage,Tennsco Lockers  Gray,83.92,4,0,5.8744
2271,CA-2017-164917,02-12-2017,07-12-2017,Standard Class,MK-17905,Michael Kennedy,Corporate,United States,Miami,Florida,33180,South,OFF-AR-10004344,Office Supplies,Art,Bulldog Vacuum Base Pencil Sharpener,47.96,5,0.2,4.1965
2465,CA-2017-148691,03-12-2017,09-12-2017,Standard Class,CS-12460,Chuck Sachs,Consumer,United States,New York City,New York,10009,East,TEC-PH-10000576,Technology,Phones,AT&T 1080 Corded phone,136.99,1,0,36.9873
2691,CA-2017-156412,04-12-2017,08-12-2017,Standard Class,CM-12160,Charles McCrossin,Consumer,United States,Philadelphia,Pennsylvania,19134,East,OFF-BI-10004364,Office Supplies,Binders,Storex Dura Pro Binders,5.346,3,0.7,-4.455
3180,CA-2017-105235,05-12-2017,11-12-2017,Standard Class,SM-20950,Suzanne McNair,Corporate,United States,New York City,New York,10011,East,FUR-FU-10000521,Furniture,Furnishings,"Seth Thomas 14"" Putty-Colored Wall Clock",58.68,2,0,18.1908
6906,US-2017-149006,06-12-2017,08-12-2017,Second Class,BN-11470,Brad Norvell,Corporate,United States,Brentwood,California,94513,West,OFF-ST-10003221,Office Supplies,Storage,Staple magnet,10.68,1,0,2.8836
9769,CA-2017-142328,07-12-2017,14-12-2017,Standard Class,TC-21535,Tracy Collins,Home Office,United States,San Francisco,California,94122,West,OFF-PA-10000380,Office Supplies,Paper,"REDIFORM Incoming/Outgoing Call Register  11"" X 8 1/2""  100 Messages",50.04,6,0,25.02
7821,CA-2017-152436,08-12-2017,10-12-2017,Second Class,CW-11905,Carl Weiss,Home Office,United States,Cranston,Rhode Island,2920,East,OFF-ST-10000036,Office Supplies,Storage,Recycled Data-Pak for Archival Bound Computer Printouts  12-1/2 x 12-1/2 x 16,592.74,6,0,160.0398
270,US-2017-145366,09-12-2017,13-12-2017,Standard Class,CA-12310,Christine Abelman,Corporate,United States,Cincinnati,Ohio,45231,East,OFF-EN-10004386,Office Supplies,Envelopes,Recycled Interoffice Envelopes with String and Button Closure  10 x 13,57.576,3,0.2,21.591
3246,US-2017-140907,10-12-2017,12-12-2017,Second Class,BP-11185,Ben Peterman,Corporate,United States,Seattle,Washington,98103,West,TEC-AC-10004510,Technology,Accessories,Logitech Desktop MK120 Mouse and keyboard Combo,49.08,3,0,4.908
6750,CA-2017-100230,11-12-2017,15-12-2017,Standard Class,AA-10375,Allen Armold,Consumer,United States,New York City,New York,10035,East,TEC-PH-10004522,Technology,Phones,Dexim XPower Skin Super-Thin Power Case for iPhone 5 - Black,116.98,2,0,29.245
9682,CA-2017-122770,13-12-2017,18-12-2017,Standard Class,EP-13915,Emily Phan,Consumer,United States,San Francisco,California,94122,West,OFF-LA-10004559,Office Supplies,Labels,Avery 49,8.64,3,0,4.2336
7702,CA-2017-151799,14-12-2017,18-12-2017,Standard Class,BF-11170,Ben Ferrer,Home Office,United States,Lawrence,Massachusetts,1841,East,FUR-TA-10003473,Furniture,Tables,Bretford Rectangular Conference Table Tops,526.582,2,0.3,-52.6582
9701,CA-2017-154116,15-12-2017,19-12-2017,Standard Class,KM-16660,Khloe Miller,Consumer,United States,Inglewood,California,90301,West,TEC-PH-10000675,Technology,Phones,Panasonic KX TS3282B Corded phone,196.776,3,0.2,14.7582
2966,CA-2017-137428,16-12-2017,21-12-2017,Second Class,AY-10555,Andy Yotov,Corporate,United States,Oceanside,California,92054,West,FUR-FU-10002445,Furniture,Furnishings,DAX Two-Tone Rosewood/Black Document Frame  Desktop  5 x 7,18.96,2,0,7.584
4342,CA-2017-130309,17-12-2017,21-12-2017,Standard Class,GB-14575,Giulietta Baptist,Consumer,United States,Arlington,Virginia,22204,South,OFF-ST-10003208,Office Supplies,Storage,Adjustable Depth Letter/Legal Cart,544.38,3,0,157.8702
8479,CA-2017-158736,18-12-2017,24-12-2017,Standard Class,TT-21460,Tonja Turnell,Home Office,United States,San Francisco,California,94110,West,OFF-AR-10002578,Office Supplies,Art,Newell 335,5.76,2,0,1.6704
1442,CA-2017-128160,19-12-2017,24-12-2017,Second Class,MM-17920,Michael Moore,Consumer,United States,San Francisco,California,94110,West,OFF-BI-10001510,Office Supplies,Binders,Deluxe Heavy-Duty Vinyl Round Ring Binder,36.672,2,0.2,11.46
6509,CA-2017-102197,20-12-2017,26-12-2017,Standard Class,DK-13150,David Kendrick,Corporate,United States,New York City,New York,10009,East,OFF-PA-10001970,Office Supplies,Paper,Xerox 1908,279.9,5,0,137.151
2566,CA-2017-109589,21-12-2017,24-12-2017,First Class,BD-11635,Brian Derr,Consumer,United States,Bowling Green,Kentucky,42104,South,TEC-AC-10003116,Technology,Accessories,Memorex Froggy Flash Drive 8 GB,71,4,0,27.69
6195,CA-2017-104927,22-12-2017,26-12-2017,Standard Class,AG-10330,Alex Grayson,Consumer,United States,Houston,Texas,77095,Central,OFF-PA-10000176,Office Supplies,Paper,Xerox 1887,75.88,5,0.2,26.558
3546,CA-2017-121216,23-12-2017,25-12-2017,Second Class,MM-17920,Michael Moore,Consumer,United States,College Station,Texas,77840,Central,OFF-AP-10001947,Office Supplies,Appliances,Acco 6 Outlet Guardian Premium Plus Surge Suppressor,29.312,8,0.8,-74.7456
4030,CA-2017-124296,24-12-2017,28-12-2017,Standard Class,CS-12355,Christine Sundaresam,Consumer,United States,Lafayette,Louisiana,70506,South,TEC-MA-10003183,Technology,Machines,DYMO CardScan Personal V9 Business Card Scanner,479.97,3,0,239.985
4924,CA-2017-114055,25-12-2017,29-12-2017,Second Class,MH-18115,Mick Hernandez,Home Office,United States,Huntsville,Alabama,35810,South,OFF-PA-10000994,Office Supplies,Paper,Xerox 1915,629.1,6,0,301.968
3786,CA-2017-112487,26-12-2017,30-12-2017,Standard Class,TC-21535,Tracy Collins,Home Office,United States,Columbus,Ohio,43229,East,OFF-BI-10000494,Office Supplies,Binders,Acco Economy Flexible Poly Round Ring Binder,3.132,2,0.7,-2.61
2571,CA-2017-134404,27-12-2017,27-12-2017,Same Day,DR-12880,Dan Reichenbach,Corporate,United States,Newark,Ohio,43055,East,OFF-AR-10004441,Office Supplies,Art,BIC Brite Liner Highlighters,13.248,4,0.2,3.6432
6150,CA-2017-101322,28-12-2017,31-12-2017,First Class,JG-15310,Jason Gross,Corporate,United States,Long Beach,California,90805,West,FUR-CH-10003968,Furniture,Chairs,Novimex Turbo Task Chair,340.704,6,0.2,-34.0704
7636,US-2017-158526,29-12-2017,01-01-2018,Second Class,KH-16360,Katherine Hughes,Consumer,United States,Louisville,Kentucky,40214,South,FUR-CH-10004495,Furniture,Chairs,Global Leather and Oak Executive Chair  Black,300.98,1,0,87.2842
1298,CA-2017-115427,30-12-2017,03-01-2018,Standard Class,EB-13975,Erica Bern,Corporate,United States,Fairfield,California,94533,West,OFF-BI-10004632,Office Supplies,Binders,GBC Binding covers,20.72,2,0.2,6.475
