RowID,OrderID,OrderDate,ShipDate,ShipMode,CustomerID,CustomerName,Segment,Address_Country,Address_City,Address_State,Address_Postal_Code,Address_Region,Product_ID,Category,Sub_Category,Product_Name,Sales,Quantity,Discount,Profit
1639,CA-2016-157266,26-05-2016,01-06-2016,Standard Class,TB-21280,Toby Braunhardt,Consumer,United States,Washington,District of Columbia,20016,East,OFF-PA-10002689,Office Supplies,Paper,Weyerhaeuser First Choice Laser/Copy Paper (20Lb. and 88 Bright),19.44,3,0,9.3312
5173,CA-2016-122903,27-05-2016,29-05-2016,Second Class,LA-16780,Laura Armstrong,Corporate,United States,Detroit,Michigan,48205,Central,OFF-PA-10000994,Office Supplies,Paper,Xerox 1915,314.55,3,0,150.984
3422,CA-2016-134803,28-05-2016,03-06-2016,Standard Class,CL-12565,Clay Ludtke,Consumer,United States,Los Angeles,California,90004,West,OFF-PA-10003790,Office Supplies,Paper,Xerox 1991,182.72,8,0,84.0512
3958,CA-2016-156573,29-05-2016,02-06-2016,Standard Class,RB-19360,Raymond Buch,Consumer,United States,Nashville,Tennessee,37211,South,OFF-BI-10002414,Office Supplies,Binders,GBC ProClick Spines for 32-Hole Punch,11.277,3,0.7,-8.6457
503,US-2016-105578,30-05-2016,04-06-2016,Standard Class,MY-17380,Maribeth Yedwab,Corporate,United States,Parker,Colorado,80134,West,FUR-CH-10001215,Furniture,Chairs,Global Troy Executive Leather Low-Back Tilter,801.568,2,0.2,50.098
8902,CA-2016-150483,31-05-2016,04-06-2016,Standard Class,BP-11290,Beth Paige,Consumer,United States,Decatur,Illinois,62521,Central,OFF-PA-10001846,Office Supplies,Paper,Xerox 1899,18.496,4,0.2,6.7048
7213,US-2016-119046,02-06-2016,06-06-2016,Standard Class,EH-13765,Edward Hooks,Corporate,United States,Seattle,Washington,98115,West,OFF-BI-10000138,Office Supplies,Binders,Acco Translucent Poly Ring Binders,11.232,3,0.2,3.9312
9938,CA-2016-164889,03-06-2016,06-06-2016,Second Class,CP-12340,Christine Phan,Corporate,United States,Los Angeles,California,90049,West,FUR-TA-10001676,Furniture,Tables,Hon 61000 Series Interactive Training Tables,71.088,2,0.2,-1.7772
241,CA-2016-157749,04-06-2016,09-06-2016,Second Class,KL-16645,Ken Lonsdale,Consumer,United States,Chicago,Illinois,60610,Central,TEC-PH-10000011,Technology,Phones,PureGear Roll-On Screen Protector,31.984,2,0.2,11.1944
5524,CA-2016-110982,05-06-2016,07-06-2016,First Class,CK-12205,Chloris Kastensmidt,Consumer,United States,Santa Clara,California,95051,West,OFF-AP-10004859,Office Supplies,Appliances,Acco 6 Outlet Guardian Premium Surge Suppressor,58.24,4,0,15.7248
434,CA-2016-127369,06-06-2016,07-06-2016,First Class,DB-13060,Dave Brooks,Consumer,United States,Lowell,Massachusetts,1852,East,OFF-ST-10003306,Office Supplies,Storage,Letter Size Cart,714.3,5,0,207.147
3577,CA-2016-103163,07-06-2016,11-06-2016,Standard Class,FM-14290,Frank Merwin,Home Office,United States,Bakersfield,California,93309,West,OFF-BI-10003305,Office Supplies,Binders,Avery Hanging File Binders,4.784,1,0.2,1.5548
1927,US-2016-139710,09-06-2016,15-06-2016,Standard Class,GM-14680,Greg Matthias,Consumer,United States,Los Angeles,California,90045,West,TEC-PH-10001198,Technology,Phones,Avaya 4621SW VoIP phone,177.48,3,0.2,19.9665
4583,CA-2016-121993,10-06-2016,12-06-2016,First Class,JB-16000,Joy Bell-,Consumer,United States,Philadelphia,Pennsylvania,19140,East,OFF-LA-10003720,Office Supplies,Labels,Avery 487,23.616,8,0.2,7.9704
8370,CA-2016-118745,11-06-2016,16-06-2016,Standard Class,SV-20365,Seth Vernon,Consumer,United States,Los Angeles,California,90049,West,FUR-TA-10003473,Furniture,Tables,Bretford Rectangular Conference Table Tops,902.712,3,0.2,33.8517
8721,CA-2016-120824,12-06-2016,16-06-2016,Second Class,AW-10930,Arthur Wiediger,Home Office,United States,Houston,Texas,77070,Central,FUR-CH-10000229,Furniture,Chairs,Global Enterprise Series Seating High-Back Swivel/Tilt Chairs,379.372,2,0.3,-119.2312
6594,CA-2016-126795,13-06-2016,16-06-2016,Second Class,GT-14710,Greg Tran,Consumer,United States,New York City,New York,10024,East,OFF-BI-10001989,Office Supplies,Binders,Premium Transparent Presentation Covers by GBC,33.568,2,0.2,11.7488
7880,CA-2016-155747,14-06-2016,21-06-2016,Standard Class,JS-15685,Jim Sink,Corporate,United States,Philadelphia,Pennsylvania,19140,East,FUR-TA-10003392,Furniture,Tables,Global Adaptabilities Conference Tables,337.176,2,0.4,-118.0116
6050,CA-2016-152765,15-06-2016,18-06-2016,First Class,LS-17245,Lynn Smith,Consumer,United States,Houston,Texas,77036,Central,OFF-PA-10000483,Office Supplies,Paper,Xerox 19,173.488,7,0.2,54.215
4179,CA-2016-148593,16-06-2016,18-06-2016,Second Class,BD-11320,Bill Donatelli,Consumer,United States,Los Angeles,California,90045,West,OFF-PA-10001776,Office Supplies,Paper,"Wirebound Message Books  Four 2 3/4"" x 5"" Forms per Page  600 Sets per Book",46.35,5,0,21.7845
56,CA-2016-111682,17-06-2016,18-06-2016,First Class,TB-21055,Ted Butterfield,Consumer,United States,Troy,New York,12180,East,OFF-ST-10000604,Office Supplies,Storage,Home/Office Personal File Carts,208.56,6,0,52.14
9548,CA-2016-131744,18-06-2016,20-06-2016,Second Class,SC-20770,Stewart Carmichael,Corporate,United States,Philadelphia,Pennsylvania,19134,East,OFF-PA-10004610,Office Supplies,Paper,Xerox 1900,6.848,2,0.2,2.14
941,CA-2016-105760,19-06-2016,20-06-2016,First Class,KC-16255,Karen Carlisle,Corporate,United States,San Francisco,California,94110,West,OFF-PA-10000350,Office Supplies,Paper,"Message Book  Standard Line ""While You Were Out""  5 1/2"" X 4""  200 Sets/Book",17.12,2,0,8.0464
851,CA-2016-152534,20-06-2016,25-06-2016,Second Class,DP-13105,Dave Poirier,Corporate,United States,Salinas,California,93905,West,OFF-AR-10002335,Office Supplies,Art,DIXON Oriole Pencils,5.16,2,0,1.3416
5228,CA-2016-119865,21-06-2016,26-06-2016,Standard Class,AS-10090,Adam Shillingsburg,Consumer,United States,New York City,New York,10011,East,FUR-BO-10003272,Furniture,Bookcases,O'Sullivan Living Dimensions 5-Shelf Bookcases,353.568,2,0.2,-44.196
6931,CA-2016-140382,23-06-2016,25-06-2016,Second Class,RD-19900,Ruben Dartt,Consumer,United States,San Francisco,California,94109,West,OFF-PA-10001019,Office Supplies,Paper,Xerox 1884,19.98,1,0,9.3906
9166,CA-2016-100300,24-06-2016,26-06-2016,Second Class,MJ-17740,Max Jones,Consumer,United States,San Diego,California,92037,West,TEC-MA-10000984,Technology,Machines,Okidata MB760 Printer,4476.8,4,0.2,503.64
2191,CA-2016-118913,25-06-2016,29-06-2016,Standard Class,AS-10240,Alan Shonely,Consumer,United States,Los Angeles,California,90049,West,OFF-AP-10000692,Office Supplies,Appliances,Fellowes Mighty 8 Compact Surge Protector,60.81,3,0,17.0268
3957,CA-2016-114951,26-06-2016,03-07-2016,Standard Class,DN-13690,Duane Noonan,Consumer,United States,San Francisco,California,94109,West,FUR-FU-10002364,Furniture,Furnishings,Eldon Expressions Wood Desk Accessories  Oak,22.14,3,0,6.4206
2905,CA-2016-153577,27-06-2016,01-07-2016,Standard Class,KH-16330,Katharine Harms,Corporate,United States,Highland Park,Illinois,60035,Central,FUR-CH-10003981,Furniture,Chairs,Global Commerce Series Low-Back Swivel/Tilt Chairs,539.658,3,0.3,-7.7094
6752,CA-2016-154767,28-06-2016,30-06-2016,Second Class,BP-11155,Becky Pak,Consumer,United States,Paterson,New Jersey,7501,East,OFF-AP-10000595,Office Supplies,Appliances,Disposable Triple-Filter Dust Bags,8.74,2,0,2.2724
1901,CA-2016-140543,29-06-2016,03-07-2016,Second Class,Co-12640,Corey-Lock,Consumer,United States,Florence,South Carolina,29501,South,OFF-ST-10000563,Office Supplies,Storage,Fellowes Bankers Box Stor/Drawer Steel Plus,191.88,6,0,19.188
8882,CA-2016-135594,30-06-2016,03-07-2016,Second Class,AH-10120,Adrian Hane,Home Office,United States,Aurora,Illinois,60505,Central,TEC-AC-10003038,Technology,Accessories,Kingston Digital DataTraveler 16GB USB 2.0,50.12,7,0.2,-0.6265
9753,US-2016-158680,01-07-2016,02-07-2016,First Class,NZ-18565,Nick Zandusky,Home Office,United States,Seattle,Washington,98115,West,OFF-BI-10000145,Office Supplies,Binders,Zipper Ring Binder Pockets,2.496,1,0.2,0.9048
8337,CA-2016-101469,02-07-2016,08-07-2016,Standard Class,KH-16360,Katherine Hughes,Consumer,United States,Arlington,Virginia,22204,South,OFF-AR-10003986,Office Supplies,Art,Avery Hi-Liter Pen Style Six-Color Fluorescent Set,7.7,2,0,3.157
8049,CA-2016-168543,03-07-2016,07-07-2016,Standard Class,DK-13225,Dean Katz,Corporate,United States,New York City,New York,10035,East,OFF-AP-10000938,Office Supplies,Appliances,Avanti 1.7 Cu. Ft. Refrigerator,706.86,7,0,197.9208
4453,CA-2016-147137,04-07-2016,06-07-2016,First Class,AA-10645,Anna Andreadi,Consumer,United States,San Francisco,California,94109,West,OFF-EN-10003567,Office Supplies,Envelopes,"Inter-Office Recycled Envelopes  Brown Kraft  Button-String 10"" x 13""   100/Box",43.96,2,0,20.6612
2374,CA-2016-159940,07-07-2016,11-07-2016,Second Class,BF-11020,Barry Französisch,Corporate,United States,Aurora,Illinois,60505,Central,OFF-PA-10001609,Office Supplies,Paper,Tops Wirebound Message Log Books,23.688,9,0.2,7.6986
1924,CA-2016-156685,08-07-2016,10-07-2016,Second Class,SC-20230,Scot Coram,Corporate,United States,Arlington,Texas,76017,Central,OFF-AR-10000588,Office Supplies,Art,Newell 345,47.616,3,0.2,3.5712
1413,CA-2016-136329,09-07-2016,13-07-2016,Standard Class,JD-15895,Jonathan Doherty,Corporate,United States,New York City,New York,10035,East,FUR-FU-10000723,Furniture,Furnishings,Deflect-o EconoMat Studded  No Bevel Mat for Low Pile Carpeting,165.28,4,0,14.8752
1734,US-2016-131149,10-07-2016,14-07-2016,Standard Class,LH-17155,Logan Haushalter,Consumer,United States,Dallas,Texas,75081,Central,OFF-AR-10002135,Office Supplies,Art,Boston Heavy-Duty Trimline Electric Pencil Sharpeners,154.24,4,0.2,17.352
478,CA-2016-103891,12-07-2016,19-07-2016,Standard Class,KH-16690,Kristen Hastings,Corporate,United States,Los Angeles,California,90008,West,TEC-PH-10000149,Technology,Phones,Cisco SPA525G2 IP Phone - Wireless,95.76,6,0.2,7.182
6958,CA-2016-157588,14-07-2016,19-07-2016,Standard Class,AR-10570,Anemone Ratner,Consumer,United States,Columbus,Georgia,31907,South,FUR-FU-10004848,Furniture,Furnishings,"Howard Miller 13-3/4"" Diameter Brushed Chrome Round Wall Clock",51.75,1,0,15.525
2238,CA-2016-122322,15-07-2016,21-07-2016,Standard Class,RH-19510,Rick Huthwaite,Home Office,United States,Provo,Utah,84604,West,OFF-SU-10000952,Office Supplies,Supplies,Fiskars Home & Office Scissors,44.4,5,0,12.432
6964,CA-2016-157161,16-07-2016,20-07-2016,Second Class,JD-15895,Jonathan Doherty,Corporate,United States,Columbia,South Carolina,29203,South,OFF-AR-10003338,Office Supplies,Art,"Eberhard Faber 3 1/2"" Golf Pencils",22.32,3,0,5.58
2048,CA-2016-131835,17-07-2016,21-07-2016,Standard Class,MC-17590,Matt Collister,Corporate,United States,Perth Amboy,New Jersey,8861,East,OFF-PA-10004071,Office Supplies,Paper,Eaton Premium Continuous-Feed Paper  25% Cotton  Letter Size  White  1000 Shts/Box,55.48,1,0,26.6304
1204,CA-2016-114727,18-07-2016,24-07-2016,Standard Class,LS-16945,Linda Southworth,Corporate,United States,Denver,Colorado,80219,West,OFF-ST-10002292,Office Supplies,Storage,Sauder Facets Collection Locker/File Cabinet  Sky Alder Finish,593.568,2,0.2,0
5986,CA-2016-163776,19-07-2016,25-07-2016,Standard Class,JS-16030,Joy Smith,Consumer,United States,Hattiesburg,Mississippi,39401,South,OFF-BI-10003007,Office Supplies,Binders,"Premium Transparent Presentation Covers  No Pattern/Clear  8 1/2"" x 11""",77.56,2,0,35.6776
7987,CA-2016-137939,20-07-2016,23-07-2016,Second Class,PJ-19015,Pauline Johnson,Consumer,United States,Long Beach,New York,11561,East,TEC-PH-10003589,Technology,Phones,invisibleSHIELD by ZAGG Smudge-Free Screen Protector,89.95,5,0,43.176
2071,CA-2016-146521,21-07-2016,23-07-2016,Second Class,CC-12610,Corey Catlett,Corporate,United States,Philadelphia,Pennsylvania,19134,East,OFF-BI-10000301,Office Supplies,Binders,GBC Instant Report Kit,1.941,1,0.7,-1.294
8760,CA-2016-114307,22-07-2016,26-07-2016,Standard Class,MF-17665,Maureen Fritzler,Corporate,United States,Columbia,Maryland,21044,East,OFF-BI-10002012,Office Supplies,Binders,Wilson Jones Easy Flow II Sheet Lifters,5.4,3,0,2.592
7075,CA-2016-112256,23-07-2016,28-07-2016,Standard Class,CK-12205,Chloris Kastensmidt,Consumer,United States,Mcallen,Texas,78501,Central,OFF-BI-10004364,Office Supplies,Binders,Storex Dura Pro Binders,4.752,4,0.8,-8.316
6762,CA-2016-162943,24-07-2016,26-07-2016,Second Class,DB-12970,Darren Budd,Corporate,United States,New York City,New York,10035,East,FUR-CH-10001708,Furniture,Chairs,Office Star - Contemporary Swivel Chair with Padded Adjustable Arms and Flex Back,253.764,2,0.1,31.0156
499,CA-2016-126158,25-07-2016,31-07-2016,Standard Class,SC-20095,Sanjit Chand,Consumer,United States,Costa Mesa,California,92627,West,FUR-CH-10002602,Furniture,Chairs,DMI Arturo Collection Mission-style Design Wood Chair,241.568,2,0.2,18.1176
5680,CA-2016-143924,28-07-2016,03-08-2016,Standard Class,SC-20680,Steve Carroll,Home Office,United States,Holland,Michigan,49423,Central,OFF-PA-10002120,Office Supplies,Paper,Xerox 1889,109.92,2,0,53.8608
8650,CA-2016-164574,29-07-2016,03-08-2016,Standard Class,RH-19555,Ritsa Hightower,Consumer,United States,Charlotte,North Carolina,28205,South,OFF-BI-10002429,Office Supplies,Binders,Premier Elliptical Ring Binder  Black,27.396,3,0.7,-20.0904
7908,CA-2016-112585,30-07-2016,02-08-2016,First Class,RW-19630,Rob Williams,Corporate,United States,San Francisco,California,94122,West,OFF-AP-10003849,Office Supplies,Appliances,Hoover Shoulder Vac Commercial Portable Vacuum,715.64,2,0,178.91
8168,CA-2016-144148,31-07-2016,05-08-2016,Standard Class,AH-10690,Anna Häberlin,Corporate,United States,San Francisco,California,94122,West,FUR-TA-10002774,Furniture,Tables,Laminate Occasional Tables,863.128,7,0.2,-32.3673
9155,CA-2016-132990,01-08-2016,03-08-2016,Second Class,KM-16660,Khloe Miller,Consumer,United States,Philadelphia,Pennsylvania,19140,East,FUR-FU-10004864,Furniture,Furnishings,Eldon 500 Class Desk Accessories,19.312,2,0.2,3.1382
5247,CA-2016-156265,02-08-2016,04-08-2016,Second Class,BF-11020,Barry Französisch,Corporate,United States,Los Angeles,California,90032,West,OFF-BI-10000285,Office Supplies,Binders,XtraLife ClearVue Slant-D Ring Binders by Cardinal,12.544,2,0.2,4.704
6158,CA-2016-104150,03-08-2016,05-08-2016,Second Class,AG-10330,Alex Grayson,Consumer,United States,Tulsa,Oklahoma,74133,Central,OFF-EN-10002504,Office Supplies,Envelopes,Tyvek  Top-Opening Peel & Seel Envelopes  Plain White,81.54,3,0,38.3238
2688,US-2016-128195,04-08-2016,05-08-2016,First Class,RA-19285,Ralph Arnett,Consumer,United States,Peoria,Illinois,61604,Central,OFF-BI-10002003,Office Supplies,Binders,Ibico Presentation Index for Binding Systems,3.98,5,0.8,-6.567
9490,US-2016-102232,05-08-2016,11-08-2016,Standard Class,MF-17665,Maureen Fritzler,Corporate,United States,Huntsville,Alabama,35810,South,OFF-AR-10000538,Office Supplies,Art,Boston Model 1800 Electric Pencil Sharpener  Gray,197.05,7,0,59.115
9511,CA-2016-105263,06-08-2016,11-08-2016,Standard Class,LM-17065,Liz MacKendrick,Consumer,United States,New York City,New York,10024,East,OFF-AR-10002399,Office Supplies,Art,Dixon Prang Watercolor Pencils  10-Color Set with Brush,38.34,9,0,15.7194
6583,CA-2016-148516,07-08-2016,11-08-2016,Standard Class,DW-13585,Dorothy Wardle,Corporate,United States,Edmonds,Washington,98026,West,TEC-AC-10003610,Technology,Accessories,Logitech Illuminated - Keyboard,179.97,3,0,86.3856
5257,CA-2016-130078,08-08-2016,14-08-2016,Standard Class,CC-12145,Charles Crestani,Consumer,United States,Oklahoma City,Oklahoma,73120,Central,OFF-PA-10003270,Office Supplies,Paper,Xerox 1954,10.56,2,0,4.752
3517,US-2016-113649,09-08-2016,12-08-2016,First Class,HA-14920,Helen Andreada,Consumer,United States,Fayetteville,North Carolina,28314,South,OFF-PA-10000130,Office Supplies,Paper,Xerox 199,30.816,9,0.2,9.63
8306,CA-2016-128671,11-08-2016,16-08-2016,Standard Class,MT-18070,Michelle Tran,Home Office,United States,Tulsa,Oklahoma,74133,Central,OFF-PA-10001870,Office Supplies,Paper,Xerox 202,32.4,5,0,15.552
1087,CA-2016-167584,12-08-2016,12-08-2016,Same Day,LC-16870,Lena Cacioppo,Consumer,United States,Des Moines,Iowa,50315,Central,OFF-PA-10000029,Office Supplies,Paper,Xerox 224,6.48,1,0,3.1104
1748,CA-2016-155670,13-08-2016,17-08-2016,Second Class,EM-14065,Erin Mull,Consumer,United States,Jacksonville,North Carolina,28540,South,OFF-PA-10004947,Office Supplies,Paper,Easy-staple paper,10.272,3,0.2,3.21
7049,CA-2016-119515,14-08-2016,16-08-2016,First Class,TR-21325,Toby Ritter,Consumer,United States,Nashville,Tennessee,37211,South,OFF-PA-10000552,Office Supplies,Paper,Xerox 200,15.552,3,0.2,5.4432
8895,CA-2016-167241,15-08-2016,22-08-2016,Standard Class,BD-11320,Bill Donatelli,Consumer,United States,Los Angeles,California,90004,West,FUR-FU-10004071,Furniture,Furnishings,Luxo Professional Magnifying Clamp-On Fluorescent Lamps,312.03,3,0,43.6842
6134,CA-2016-148096,16-08-2016,19-08-2016,First Class,AO-10810,Anthony O'Donnell,Corporate,United States,Los Angeles,California,90045,West,FUR-TA-10004152,Furniture,Tables,"Barricks 18"" x 48"" Non-Folding Utility Table with Bottom Storage Shelf",161.28,2,0.2,12.096
3350,US-2016-157308,17-08-2016,21-08-2016,Standard Class,NM-18520,Neoma Murray,Consumer,United States,Seattle,Washington,98105,West,OFF-BI-10003712,Office Supplies,Binders,"Acco Pressboard Covers with Storage Hooks  14 7/8"" x 11""  Light Blue",15.712,4,0.2,5.6956
9125,CA-2016-128916,18-08-2016,20-08-2016,Second Class,MA-17560,Matt Abelman,Home Office,United States,Houston,Texas,77070,Central,FUR-FU-10001940,Furniture,Furnishings,Staple-based wall hangings,9.552,3,0.6,-3.8208
7097,CA-2016-101980,19-08-2016,20-08-2016,First Class,RP-19390,Resi Pölking,Consumer,United States,New York City,New York,10009,East,OFF-BI-10004318,Office Supplies,Binders,Ibico EB-19 Dual Function Manual Binding System,276.784,2,0.2,89.9548
1902,CA-2016-151141,20-08-2016,23-08-2016,First Class,DW-13480,Dianna Wilson,Home Office,United States,Detroit,Michigan,48205,Central,TEC-PH-10004924,Technology,Phones,"SKILCRAFT Telephone Shoulder Rest  2"" x 6.5"" x 2.5""  Black",14.78,2,0,3.9906
8831,CA-2016-167983,21-08-2016,24-08-2016,Second Class,RP-19270,Rachel Payne,Corporate,United States,Seattle,Washington,98115,West,OFF-BI-10003727,Office Supplies,Binders,Avery Durable Slant Ring Binders With Label Holder,33.44,10,0.2,11.704
4107,US-2016-148334,22-08-2016,26-08-2016,Standard Class,DD-13570,Dorothy Dickinson,Consumer,United States,Houston,Texas,77041,Central,OFF-BI-10003676,Office Supplies,Binders,GBC Standard Recycled Report Covers  Clear Plastic Sheets,4.312,2,0.8,-6.8992
3115,CA-2016-150350,23-08-2016,30-08-2016,Standard Class,MS-17770,Maxwell Schwartz,Consumer,United States,Seattle,Washington,98105,West,OFF-PA-10002160,Office Supplies,Paper,Xerox 1978,34.68,6,0,16.9932
1464,CA-2016-152289,26-08-2016,28-08-2016,First Class,LC-16930,Linda Cazamias,Corporate,United States,Pasadena,Texas,77506,Central,FUR-CH-10002126,Furniture,Chairs,Hon Deluxe Fabric Upholstered Stacking Chairs,1024.716,6,0.3,-29.2776
3342,CA-2016-145982,27-08-2016,01-09-2016,Second Class,TB-21055,Ted Butterfield,Consumer,United States,Quincy,Massachusetts,2169,East,OFF-PA-10000675,Office Supplies,Paper,Xerox 1919,122.97,3,0,60.2553
2693,US-2016-144211,28-08-2016,02-09-2016,Standard Class,CS-12130,Chad Sievert,Consumer,United States,Englewood,Colorado,80112,West,TEC-PH-10002890,Technology,Phones,AT&T 17929 Lendline Telephone,108.576,3,0.2,8.1432
1176,CA-2016-161207,29-08-2016,03-09-2016,Standard Class,AB-10060,Adam Bellavance,Home Office,United States,Concord,New Hampshire,3301,East,OFF-SU-10000381,Office Supplies,Supplies,Acme Forged Steel Scissors with Black Enamel Handles,27.93,3,0,8.0997
6338,CA-2016-165995,30-08-2016,06-09-2016,Standard Class,BG-11740,Bruce Geld,Consumer,United States,Los Angeles,California,90008,West,TEC-PH-10004908,Technology,Phones,Panasonic KX TS3282W Corded phone,339.96,5,0.2,42.495
5774,CA-2016-117408,31-08-2016,06-09-2016,Standard Class,TP-21130,Theone Pippenger,Consumer,United States,Waco,Texas,76706,Central,OFF-ST-10001580,Office Supplies,Storage,Super Decoflex Portable Personal File,23.968,2,0.2,2.3968
350,CA-2016-129714,01-09-2016,03-09-2016,First Class,AB-10060,Adam Bellavance,Home Office,United States,New York City,New York,10009,East,TEC-AC-10000290,Technology,Accessories,Sabrent 4-Port USB 2.0 Hub,6.79,1,0,2.3086
7081,CA-2016-106950,02-09-2016,06-09-2016,Standard Class,JE-15715,Joe Elijah,Consumer,United States,Charlotte,North Carolina,28205,South,FUR-TA-10001768,Furniture,Tables,Hon Racetrack Conference Tables,472.518,3,0.4,-149.6307
6780,US-2016-147711,03-09-2016,08-09-2016,Second Class,HF-14995,Herbert Flentye,Consumer,United States,Baltimore,Maryland,21215,East,FUR-FU-10002364,Furniture,Furnishings,Eldon Expressions Wood Desk Accessories  Oak,14.76,2,0,4.2804
8737,CA-2016-168774,04-09-2016,09-09-2016,Standard Class,RP-19855,Roy Phan,Corporate,United States,Woodbury,Minnesota,55125,Central,OFF-ST-10001490,Office Supplies,Storage,Hot File 7-Pocket  Floor Stand,535.41,3,0,160.623
7550,CA-2016-136595,05-09-2016,07-09-2016,First Class,EM-13825,Elizabeth Moffitt,Corporate,United States,Houston,Texas,77036,Central,FUR-FU-10004671,Furniture,Furnishings,"Executive Impressions 12"" Wall Clock",21.204,3,0.6,-11.6622
99,CA-2016-149223,06-09-2016,11-09-2016,Standard Class,ER-13855,Elpida Rittenbach,Corporate,United States,Saint Paul,Minnesota,55106,Central,OFF-AP-10000358,Office Supplies,Appliances,Fellowes Basic Home/Office Series Surge Protectors,77.88,6,0,22.5852
7401,CA-2016-110009,08-09-2016,13-09-2016,Standard Class,TR-21325,Toby Ritter,Consumer,United States,Seattle,Washington,98103,West,FUR-FU-10003039,Furniture,Furnishings,"Howard Miller 11-1/2"" Diameter Grantwood Wall Clock",43.13,1,0,14.6642
3568,CA-2016-137176,09-09-2016,14-09-2016,Second Class,DB-12910,Daniel Byrd,Home Office,United States,Dallas,Texas,75220,Central,FUR-FU-10003832,Furniture,Furnishings,Eldon Expressions Punched Metal & Wood Desk Accessories  Black & Cherry,15.008,4,0.6,-12.0064
6707,CA-2016-112277,10-09-2016,15-09-2016,Standard Class,SC-20695,Steve Chapman,Corporate,United States,Fort Lauderdale,Florida,33311,South,TEC-PH-10003505,Technology,Phones,Geemarc AmpliPOWER60,519.68,7,0.2,58.464
9973,CA-2016-130225,11-09-2016,17-09-2016,Standard Class,RC-19960,Ryan Crowe,Consumer,United States,Houston,Texas,77041,Central,OFF-EN-10000056,Office Supplies,Envelopes,Cameo Buff Policy Envelopes,99.568,2,0.2,33.6042
6842,CA-2016-123946,12-09-2016,17-09-2016,Standard Class,AJ-10795,Anthony Johnson,Corporate,United States,Springfield,Virginia,22153,South,TEC-AC-10004877,Technology,Accessories,Imation 30456 USB Flash Drive 8GB,20.7,3,0,1.656
7384,CA-2016-105732,13-09-2016,18-09-2016,Standard Class,AG-10270,Alejandro Grove,Consumer,United States,Omaha,Nebraska,68104,Central,OFF-PA-10002250,Office Supplies,Paper,Things To Do Today Pad,17.61,3,0,8.4528
2554,CA-2016-155439,14-09-2016,18-09-2016,Standard Class,PN-18775,Parhena Norris,Home Office,United States,Columbia,South Carolina,29203,South,OFF-PA-10000029,Office Supplies,Paper,Xerox 224,25.92,4,0,12.4416
8784,CA-2016-116911,15-09-2016,20-09-2016,Standard Class,JD-16150,Justin Deggeller,Corporate,United States,Twin Falls,Idaho,83301,West,FUR-TA-10003473,Furniture,Tables,Bretford Rectangular Conference Table Tops,1128.39,3,0,259.5297
8892,CA-2016-162159,16-09-2016,18-09-2016,First Class,CR-12625,Corey Roper,Home Office,United States,Columbus,Georgia,31907,South,FUR-CH-10001146,Furniture,Chairs,Global Value Mid-Back Manager's Chair  Gray,121.78,2,0,30.445
9029,US-2016-152415,17-09-2016,22-09-2016,Standard Class,PO-18865,Patrick O'Donnell,Consumer,United States,Marlborough,Massachusetts,1752,East,FUR-FU-10004864,Furniture,Furnishings,"Howard Miller 14-1/2"" Diameter Chrome Round Wall Clock",191.82,3,0,61.3824
2015,CA-2016-145905,18-09-2016,23-09-2016,Standard Class,AM-10705,Anne McFarland,Consumer,United States,Auburn,Alabama,36830,South,OFF-PA-10000533,Office Supplies,Paper,Southworth Parchment Paper & Envelopes,13.08,2,0,6.0168
2021,CA-2016-168354,19-09-2016,21-09-2016,First Class,RH-19510,Rick Huthwaite,Home Office,United States,Providence,Rhode Island,2908,East,OFF-ST-10001490,Office Supplies,Storage,Hot File 7-Pocket  Floor Stand,1606.23,9,0,481.869
8484,CA-2016-126284,20-09-2016,24-09-2016,Standard Class,EN-13780,Edward Nazzal,Consumer,United States,Grand Rapids,Michigan,49505,Central,OFF-BI-10004828,Office Supplies,Binders,GBC Poly Designer Binding Covers,83.7,5,0,41.013
9554,CA-2016-125724,22-09-2016,27-09-2016,Standard Class,SM-20950,Suzanne McNair,Corporate,United States,Broomfield,Colorado,80020,West,FUR-FU-10000246,Furniture,Furnishings,Aluminum Document Frame,68.432,7,0.2,8.554
5299,CA-2016-106656,23-09-2016,26-09-2016,First Class,DV-13045,Darrin Van Huff,Corporate,United States,San Diego,California,92037,West,OFF-EN-10001509,Office Supplies,Envelopes,Poly String Tie Envelopes,4.08,2,0,1.9176
1314,US-2016-134488,24-09-2016,01-10-2016,Standard Class,PK-19075,Pete Kriz,Consumer,United States,Columbus,Ohio,43229,East,FUR-CH-10003199,Furniture,Chairs,Office Star - Contemporary Task Swivel Chair,155.372,2,0.3,-13.3176
4081,CA-2016-140417,25-09-2016,29-09-2016,Standard Class,KE-16420,Katrina Edelman,Corporate,United States,Tigard,Oregon,97224,West,OFF-PA-10000380,Office Supplies,Paper,"REDIFORM Incoming/Outgoing Call Register  11"" X 8 1/2""  100 Messages",60.048,9,0.2,22.518
4034,CA-2016-169957,26-09-2016,30-09-2016,Standard Class,SN-20710,Steve Nguyen,Home Office,United States,Covington,Washington,98042,West,TEC-AC-10003063,Technology,Accessories,Micro Innovations USB RF Wireless Keyboard with Mouse,100,4,0,21
5399,CA-2016-163202,27-09-2016,02-10-2016,Standard Class,BM-11650,Brian Moss,Corporate,United States,Lancaster,Ohio,43130,East,OFF-BI-10002764,Office Supplies,Binders,Recycled Pressboard Report Cover with Reinforced Top Hinge,2.907,3,0.7,-2.0349
377,US-2016-134656,28-09-2016,01-10-2016,First Class,MM-18280,Muhammed MacIntyre,Corporate,United States,Quincy,Illinois,62301,Central,OFF-PA-10003039,Office Supplies,Paper,Xerox 1960,99.136,4,0.2,30.98
3500,CA-2016-108616,29-09-2016,03-10-2016,Standard Class,JK-15730,Joe Kamberova,Consumer,United States,Mobile,Alabama,36608,South,TEC-AC-10000420,Technology,Accessories,Logitech G500s Laser Gaming Mouse with Adjustable Weight Tuning,209.97,3,0,71.3898
6946,CA-2016-106243,30-09-2016,04-10-2016,Standard Class,GM-14680,Greg Matthias,Consumer,United States,New York City,New York,10011,East,FUR-BO-10003034,Furniture,Bookcases,O'Sullivan Elevations Bookcase  Cherry Finish,523.92,5,0.2,-26.196
1264,CA-2016-155992,01-10-2016,02-10-2016,First Class,CC-12220,Chris Cortes,Consumer,United States,La Porte,Indiana,46350,Central,TEC-PH-10000215,Technology,Phones,Plantronics Cordless Phone Headset with In-line Volume - M214C,69.9,2,0,18.873
6828,CA-2016-118689,02-10-2016,09-10-2016,Standard Class,TC-20980,Tamara Chand,Corporate,United States,Lafayette,Indiana,47905,Central,OFF-BI-10004600,Office Supplies,Binders,Ibico Ibimaster 300 Manual Binding System,735.98,2,0,331.191
981,CA-2016-144939,03-10-2016,08-10-2016,Standard Class,EB-13870,Emily Burns,Consumer,United States,New York City,New York,10035,East,FUR-CH-10003199,Furniture,Chairs,Office Star - Contemporary Task Swivel Chair,599.292,6,0.1,93.2232
7667,US-2016-140158,04-10-2016,08-10-2016,Standard Class,DR-12940,Daniel Raglin,Home Office,United States,Providence,Rhode Island,2908,East,TEC-CO-10001449,Technology,Copiers,Hewlett Packard LaserJet 3310 Copier,5399.91,9,0,2591.9568
7645,US-2016-157490,06-10-2016,07-10-2016,First Class,LB-16795,Laurel Beltran,Home Office,United States,Pueblo,Colorado,81001,West,TEC-AC-10001553,Technology,Accessories,Memorex 25GB 6X Branded Blu-Ray Recordable Disc  15/Pack,67.96,5,0.2,0.8495
6377,CA-2016-163216,07-10-2016,10-10-2016,First Class,AW-10930,Arthur Wiediger,Home Office,United States,Philadelphia,Pennsylvania,19143,East,OFF-LA-10000134,Office Supplies,Labels,Avery 511,4.928,2,0.2,1.7248
2557,US-2016-126844,08-10-2016,14-10-2016,Standard Class,BW-11110,Bart Watters,Corporate,United States,Houston,Texas,77070,Central,FUR-FU-10004909,Furniture,Furnishings,Contemporary Wood/Metal Frame,51.712,8,0.6,-32.32
7357,CA-2016-114748,09-10-2016,14-10-2016,Standard Class,MZ-17335,Maria Zettner,Home Office,United States,Phoenix,Arizona,85023,West,OFF-AR-10001315,Office Supplies,Art,Newell 310,1.408,1,0.2,0.1584
9835,CA-2016-126627,10-10-2016,12-10-2016,First Class,WB-21850,William Brown,Consumer,United States,La Porte,Texas,77571,Central,FUR-FU-10004963,Furniture,Furnishings,Eldon 400 Class Desk Accessories  Black Carbon,14,4,0.6,-6.3
9752,CA-2016-113390,11-10-2016,15-10-2016,Standard Class,EP-13915,Emily Phan,Consumer,United States,Chicago,Illinois,60610,Central,OFF-AR-10001446,Office Supplies,Art,Newell 309,27.72,3,0.2,3.465
2167,CA-2016-154018,13-10-2016,19-10-2016,Standard Class,HA-14920,Helen Andreada,Consumer,United States,Laredo,Texas,78041,Central,OFF-AR-10002067,Office Supplies,Art,Newell 334,15.872,1,0.2,1.1904
3802,CA-2016-156503,14-10-2016,20-10-2016,Standard Class,NC-18415,Nathan Cano,Consumer,United States,Jacksonville,North Carolina,28540,South,TEC-AC-10002473,Technology,Accessories,Maxell 4.7GB DVD-R,22.704,1,0.2,5.9598
2179,CA-2016-125738,15-10-2016,21-10-2016,Standard Class,PB-18805,Patrick Bzostek,Home Office,United States,Salt Lake City,Utah,84106,West,OFF-PA-10001509,Office Supplies,Paper,"Recycled Desk Saver Line ""While You Were Out"" Book  5 1/2"" X 4""",71.6,8,0,32.936
7317,CA-2016-132066,16-10-2016,20-10-2016,Standard Class,NB-18655,Nona Balk,Corporate,United States,New York City,New York,10011,East,FUR-TA-10001539,Furniture,Tables,Chromcraft Rectangular Conference Tables,142.182,1,0.4,-37.9152
8371,CA-2016-163972,17-10-2016,21-10-2016,Standard Class,MG-17890,Michael Granlund,Home Office,United States,Fresno,California,93727,West,FUR-BO-10003894,Furniture,Bookcases,Safco Value Mate Steel Bookcase  Baked Enamel Finish on Steel  Black,120.666,2,0.15,21.294
2886,US-2016-159856,18-10-2016,22-10-2016,Standard Class,EP-13915,Emily Phan,Consumer,United States,Tempe,Arizona,85281,West,FUR-CH-10003396,Furniture,Chairs,Global Deluxe Steno Chair,307.92,5,0.2,-34.641
6206,CA-2016-133697,20-10-2016,24-10-2016,Second Class,CM-12445,Chuck Magee,Consumer,United States,Houston,Texas,77095,Central,OFF-PA-10000726,Office Supplies,Paper,"Black Print Carbonless Snap-Off Rapid Letter  8 1/2"" x 7""",51.016,7,0.2,15.9425
7819,CA-2016-138478,21-10-2016,26-10-2016,Second Class,DP-13390,Dennis Pardue,Home Office,United States,North Las Vegas,Nevada,89031,West,OFF-BI-10001120,Office Supplies,Binders,Ibico EPK-21 Electric Binding System,4535.976,3,0.2,1644.2913
6582,CA-2016-169887,22-10-2016,22-10-2016,Same Day,MS-17530,MaryBeth Skach,Consumer,United States,Seattle,Washington,98105,West,FUR-FU-10003095,Furniture,Furnishings,"Linden 12"" Wall Clock With Oak Frame",101.94,3,0,30.582
1811,CA-2016-165484,23-10-2016,29-10-2016,Standard Class,HK-14890,Heather Kirkland,Corporate,United States,Chicago,Illinois,60610,Central,OFF-PA-10000595,Office Supplies,Paper,Xerox 1929,54.816,3,0.2,17.8152
7760,CA-2016-158925,24-10-2016,28-10-2016,Standard Class,JP-15460,Jennifer Patt,Corporate,United States,Houston,Texas,77041,Central,OFF-PA-10003072,Office Supplies,Paper,"Eureka Recycled Copy Paper 8 1/2"" x 11""  Ream",15.552,3,0.2,5.4432
2801,CA-2016-153318,25-10-2016,28-10-2016,First Class,JS-15595,Jill Stevenson,Corporate,United States,Miami,Florida,33180,South,TEC-PH-10000984,Technology,Phones,Panasonic KX-TG9471B,783.96,5,0.2,78.396
479,CA-2016-152632,27-10-2016,02-11-2016,Standard Class,JE-15475,Jeremy Ellison,Consumer,United States,Troy,New York,12180,East,FUR-FU-10002671,Furniture,Furnishings,Electrix 20W Halogen Replacement Bulb for Zoom-In Desk Lamp,40.2,3,0,19.296
382,CA-2016-134775,28-10-2016,29-10-2016,First Class,AS-10285,Alejandro Savely,Corporate,United States,San Francisco,California,94109,West,OFF-PA-10004734,Office Supplies,Paper,Southworth Structures Collection,50.96,7,0,25.48
6241,US-2016-131912,29-10-2016,01-11-2016,Second Class,LH-17155,Logan Haushalter,Consumer,United States,Los Angeles,California,90008,West,OFF-BI-10004236,Office Supplies,Binders,"XtraLife ClearVue Slant-D Ring Binder  White  3""",11.744,1,0.2,3.8168
9203,CA-2016-153836,30-10-2016,03-11-2016,Standard Class,EH-13765,Edward Hooks,Corporate,United States,New York City,New York,10011,East,OFF-BI-10004817,Office Supplies,Binders,GBC Personal VeloBind Strips,28.752,3,0.2,10.0632
6422,CA-2016-140130,31-10-2016,05-11-2016,Standard Class,HW-14935,Helen Wasserman,Corporate,United States,Tulsa,Oklahoma,74133,Central,OFF-ST-10001128,Office Supplies,Storage,Carina Mini System Audio Rack  Model AR050B,332.94,3,0,9.9882
4061,CA-2016-129196,01-11-2016,07-11-2016,Standard Class,XP-21865,Xylona Preis,Consumer,United States,Chicago,Illinois,60610,Central,TEC-AC-10002473,Technology,Accessories,Maxell 4.7GB DVD-R,68.112,3,0.2,17.8794
8942,CA-2016-159023,03-11-2016,05-11-2016,First Class,NW-18400,Natalie Webber,Consumer,United States,Portland,Oregon,97206,West,OFF-BI-10002813,Office Supplies,Binders,Avery Reinforcements for Hole-Punch Pages,4.158,7,0.7,-3.465
7783,CA-2016-162236,04-11-2016,06-11-2016,Second Class,ER-13855,Elpida Rittenbach,Corporate,United States,Charlotte,North Carolina,28205,South,OFF-ST-10003442,Office Supplies,Storage,Eldon Portable Mobile Manager,45.248,2,0.2,3.9592
8965,CA-2016-157280,05-11-2016,07-11-2016,First Class,LW-17125,Liz Willingham,Consumer,United States,Virginia Beach,Virginia,23464,South,FUR-FU-10003806,Furniture,Furnishings,"Tenex Chairmat w/ Average Lip  45"" x 53""",756.8,5,0,75.68
4972,US-2016-153815,06-11-2016,09-11-2016,First Class,KL-16555,Kelly Lampkin,Corporate,United States,Jacksonville,Florida,32216,South,OFF-PA-10002421,Office Supplies,Paper,Embossed Ink Jet Note Cards,36.112,2,0.2,12.6392
8064,CA-2016-132997,07-11-2016,09-11-2016,First Class,LW-17215,Luke Weiss,Consumer,United States,Rochester,New York,14609,East,TEC-PH-10003811,Technology,Phones,Jabra Supreme Plus Driver Edition Headset,359.97,3,0,100.7916
1,CA-2016-152156,08-11-2016,11-11-2016,Second Class,CG-12520,Claire Gute,Consumer,United States,Henderson,Kentucky,42420,South,FUR-BO-10001798,Furniture,Bookcases,Bush Somerset Collection Bookcase,261.96,2,0,41.9136
8614,CA-2016-138233,09-11-2016,14-11-2016,Standard Class,PF-19165,Philip Fox,Consumer,United States,Oakland,California,94601,West,TEC-AC-10002001,Technology,Accessories,Logitech Wireless Gaming Headset G930,479.97,3,0,177.5889
3642,CA-2016-145177,10-11-2016,14-11-2016,Standard Class,PP-18955,Paul Prost,Home Office,United States,Springfield,Ohio,45503,East,OFF-BI-10002082,Office Supplies,Binders,GBC Twin Loop Wire Binding Elements,69.888,7,0.7,-46.592
1781,CA-2016-124667,11-11-2016,16-11-2016,Standard Class,BD-11770,Bryan Davis,Consumer,United States,New York City,New York,10011,East,OFF-ST-10002276,Office Supplies,Storage,Safco Steel Mobile File Cart,83.36,1,0,20.84
6111,CA-2016-124590,12-11-2016,16-11-2016,Standard Class,SP-20920,Susan Pistek,Consumer,United States,Parma,Ohio,44134,East,FUR-CH-10004495,Furniture,Chairs,Global Leather and Oak Executive Chair  Black,1474.802,7,0.3,-21.0686
1884,CA-2016-118570,13-11-2016,17-11-2016,Standard Class,CC-12430,Chuck Clark,Home Office,United States,Philadelphia,Pennsylvania,19143,East,OFF-PA-10001289,Office Supplies,Paper,White Computer Printout Paper by Universal,217.056,7,0.2,78.6828
2504,CA-2016-149482,14-11-2016,19-11-2016,Standard Class,RR-19315,Ralph Ritter,Consumer,United States,San Francisco,California,94110,West,OFF-LA-10000248,Office Supplies,Labels,Avery 52,7.38,2,0,3.4686
8411,CA-2016-130820,15-11-2016,15-11-2016,Same Day,ON-18715,Odella Nelson,Corporate,United States,Burlington,North Carolina,27217,South,FUR-TA-10001768,Furniture,Tables,Hon Racetrack Conference Tables,630.024,4,0.4,-199.5076
6791,CA-2016-124527,16-11-2016,17-11-2016,First Class,IM-15055,Ionia McGrath,Consumer,United States,Roseville,California,95661,West,OFF-BI-10004967,Office Supplies,Binders,Round Ring Binders,8.32,5,0.2,2.808
5115,CA-2016-150658,17-11-2016,22-11-2016,Standard Class,MS-17365,Maribeth Schnelling,Consumer,United States,Carlsbad,New Mexico,88220,West,OFF-BI-10004140,Office Supplies,Binders,Avery Non-Stick Binders,10.776,3,0.2,3.3675
3950,CA-2016-119963,18-11-2016,22-11-2016,Standard Class,SN-20710,Steve Nguyen,Home Office,United States,Pasadena,Texas,77506,Central,OFF-PA-10001970,Office Supplies,Paper,Xerox 1881,19.648,2,0.2,6.6312
5236,CA-2016-111143,19-11-2016,22-11-2016,First Class,TT-21265,Tim Taslimi,Corporate,United States,Indianapolis,Indiana,46203,Central,OFF-AP-10001947,Office Supplies,Appliances,Acco 6 Outlet Guardian Premium Plus Surge Suppressor,54.96,3,0,15.9384
4409,CA-2016-100041,20-11-2016,25-11-2016,Standard Class,BF-10975,Barbara Fisher,Corporate,United States,Columbus,Indiana,47201,Central,OFF-BI-10000343,Office Supplies,Binders,"Pressboard Covers with Storage Hooks  9 1/2"" x 11""  Light Blue",4.91,1,0,2.3077
9216,CA-2016-152646,21-11-2016,26-11-2016,Standard Class,TH-21235,Tiffany House,Corporate,United States,Los Angeles,California,90049,West,OFF-PA-10004451,Office Supplies,Paper,Xerox 222,32.4,5,0,15.552
1289,CA-2016-154711,22-11-2016,26-11-2016,Standard Class,TB-21355,Todd Boyes,Corporate,United States,New York City,New York,10009,East,OFF-BI-10000605,Office Supplies,Binders,"Acco Pressboard Covers with Storage Hooks  9 1/2"" x 11""  Executive Red",12.192,4,0.2,4.1148
2919,CA-2016-160129,23-11-2016,23-11-2016,Same Day,LS-17200,Luke Schmidt,Corporate,United States,Philadelphia,Pennsylvania,19140,East,OFF-FA-10002763,Office Supplies,Fasteners,Advantus Map Pennant Flags and Round Head Tacks,15.8,5,0.2,2.37
9772,CA-2016-123533,24-11-2016,30-11-2016,Standard Class,SC-20050,Sample Company A,Home Office,United States,Hialeah,Florida,33012,South,OFF-AP-10002765,Office Supplies,Appliances,Fellowes Advanced Computer Series Surge Protectors,42.384,2,0.2,4.2384
6978,US-2016-119298,25-11-2016,28-11-2016,First Class,EP-13915,Emily Phan,Consumer,United States,Jonesboro,Arkansas,72401,South,TEC-PH-10002564,Technology,Phones,OtterBox Defender Series Case - Samsung Galaxy S4,59.98,2,0,17.994
2242,US-2016-126893,26-11-2016,01-12-2016,Standard Class,CT-11995,Carol Triggs,Consumer,United States,Philadelphia,Pennsylvania,19134,East,TEC-PH-10004165,Technology,Phones,Mitel MiVoice 5330e IP Phone,494.982,3,0.4,-115.4958
9814,CA-2016-117583,27-11-2016,30-11-2016,First Class,CB-12025,Cassandra Brandow,Consumer,United States,East Orange,New Jersey,7017,East,OFF-PA-10000100,Office Supplies,Paper,Xerox 1945,204.95,5,0,100.4255
7365,CA-2016-127243,28-11-2016,04-12-2016,Standard Class,DS-13180,David Smith,Corporate,United States,Philadelphia,Pennsylvania,19140,East,OFF-FA-10004076,Office Supplies,Fasteners,Translucent Push Pins by OIC,12.672,8,0.2,2.6928
7879,CA-2016-160241,29-11-2016,04-12-2016,Second Class,DR-12940,Daniel Raglin,Home Office,United States,Aurora,Illinois,60505,Central,FUR-FU-10003806,Furniture,Furnishings,"Tenex Chairmat w/ Average Lip  45"" x 53""",242.176,4,0.6,-302.72
8531,CA-2016-156748,30-11-2016,06-12-2016,Standard Class,BS-11755,Bruce Stewart,Consumer,United States,Detroit,Michigan,48227,Central,OFF-PA-10000380,Office Supplies,Paper,"REDIFORM Incoming/Outgoing Call Register  11"" X 8 1/2""  100 Messages",33.36,4,0,16.68
1179,CA-2016-113621,01-12-2016,05-12-2016,Standard Class,JE-15745,Joel Eaton,Consumer,United States,Rockville,Maryland,20852,East,TEC-PH-10003931,Technology,Phones,JBL Micro Wireless Portable Bluetooth Speaker,179.97,3,0,44.9925
6470,CA-2016-163804,02-12-2016,08-12-2016,Standard Class,DB-13270,Deborah Brumfield,Home Office,United States,Providence,Rhode Island,2908,East,FUR-FU-10004864,Furniture,Furnishings,Eldon 500 Class Desk Accessories,72.42,6,0,23.8986
7912,CA-2016-149762,03-12-2016,07-12-2016,Standard Class,RD-19720,Roger Demir,Consumer,United States,Morgan Hill,California,95037,West,FUR-BO-10001337,Furniture,Bookcases,O'Sullivan Living Dimensions 2-Shelf Bookcases,205.666,2,0.15,-12.098
5778,CA-2016-112060,04-12-2016,09-12-2016,Standard Class,KT-16465,Kean Takahito,Consumer,United States,San Francisco,California,94109,West,OFF-PA-10000994,Office Supplies,Paper,Xerox 1915,104.85,1,0,50.328
150,CA-2016-114489,05-12-2016,09-12-2016,Standard Class,JE-16165,Justin Ellison,Corporate,United States,Franklin,Wisconsin,53132,Central,FUR-CH-10000454,Furniture,Chairs,Hon Deluxe Fabric Upholstered Stacking Chairs  Rounded Back,1951.84,8,0,585.552
2937,US-2016-169040,06-12-2016,12-12-2016,Standard Class,GT-14710,Greg Tran,Consumer,United States,Seattle,Washington,98105,West,OFF-BI-10001636,Office Supplies,Binders,Ibico Plastic and Wire Spiral Binding Combs,47.208,7,0.2,15.3426
5590,CA-2016-115224,08-12-2016,11-12-2016,Second Class,DB-13615,Doug Bickford,Consumer,United States,San Francisco,California,94110,West,OFF-ST-10000615,Office Supplies,Storage,SimpliFile Personal File  Black Granite  15w x 6-15/16d x 11-1/4h,34.05,3,0,9.534
2033,CA-2016-128923,09-12-2016,13-12-2016,Standard Class,GB-14530,George Bell,Corporate,United States,Fort Worth,Texas,76106,Central,OFF-PA-10002250,Office Supplies,Paper,Things To Do Today Pad,9.392,2,0.2,3.2872
7617,CA-2016-144309,10-12-2016,16-12-2016,Standard Class,CM-12235,Chris McAfee,Consumer,United States,Watertown,New York,13601,East,OFF-PA-10001776,Office Supplies,Paper,"Wirebound Message Books  Four 2 3/4"" x 5"" Forms per Page  600 Sets per Book",18.54,2,0,8.7138
631,US-2016-135720,11-12-2016,13-12-2016,Second Class,FM-14380,Fred McMath,Consumer,United States,Aurora,Colorado,80013,West,OFF-ST-10001963,Office Supplies,Storage,Tennsco Regal Shelving Units,243.384,3,0.2,-51.7191
4574,CA-2016-139395,12-12-2016,18-12-2016,Standard Class,MG-17650,Matthew Grinstein,Home Office,United States,Jackson,Michigan,49201,Central,TEC-PH-10002103,Technology,Phones,Jabra SPEAK 410,657.93,7,0,184.2204
456,CA-2016-100153,13-12-2016,17-12-2016,Standard Class,KH-16630,Ken Heidel,Corporate,United States,Norman,Oklahoma,73071,Central,TEC-AC-10001772,Technology,Accessories,Memorex Mini Travel Drive 16 GB USB 2.0 Flash Drive,63.88,4,0,24.9132
6392,CA-2016-129126,14-12-2016,19-12-2016,Standard Class,PK-19075,Pete Kriz,Consumer,United States,New York City,New York,10011,East,OFF-PA-10001471,Office Supplies,Paper,Strathmore Photo Frame Cards,14.62,2,0,6.7252
722,CA-2016-142335,15-12-2016,19-12-2016,Standard Class,MP-17965,Michael Paige,Corporate,United States,Detroit,Michigan,48205,Central,FUR-TA-10000198,Furniture,Tables,Chromcraft Bull-Nose Wood Oval Conference Tables & Bases,1652.94,3,0,231.4116
470,US-2016-100419,16-12-2016,20-12-2016,Second Class,CC-12670,Craig Carreira,Consumer,United States,Chicago,Illinois,60610,Central,OFF-BI-10002194,Office Supplies,Binders,Cardinal Hold-It CD Pocket,4.788,3,0.8,-7.9002
9040,CA-2016-117121,17-12-2016,21-12-2016,Standard Class,AB-10105,Adrian Barton,Consumer,United States,Detroit,Michigan,48205,Central,OFF-BI-10000545,Office Supplies,Binders,GBC Ibimaster 500 Manual ProClick Binding System,9892.74,13,0,4946.37
5661,CA-2016-145261,18-12-2016,21-12-2016,First Class,AH-10120,Adrian Hane,Home Office,United States,Salem,Oregon,97301,West,TEC-PH-10004833,Technology,Phones,Macally Suction Cup Mount,28.68,3,0.2,-7.17
5545,CA-2016-134936,19-12-2016,25-12-2016,Standard Class,ES-14080,Erin Smith,Corporate,United States,Tucson,Arizona,85705,West,OFF-BI-10002103,Office Supplies,Binders,Cardinal Slant-D Ring Binder  Heavy Gauge Vinyl,5.214,2,0.7,-4.1712
3516,CA-2016-168536,20-12-2016,24-12-2016,Standard Class,SC-20800,Stuart Calhoun,Consumer,United States,Jackson,Mississippi,39212,South,TEC-AC-10002323,Technology,Accessories,SanDisk Ultra 32 GB MicroSDHC Class 10 Memory Card,66.3,3,0,8.619
1825,CA-2016-167507,22-12-2016,28-12-2016,Standard Class,SA-20830,Sue Ann Reed,Consumer,United States,Redmond,Oregon,97756,West,OFF-BI-10003694,Office Supplies,Binders,"Avery 3 1/2"" Diskette Storage Pages  10/Pack",31.32,10,0.7,-25.056
4897,CA-2016-135776,23-12-2016,30-12-2016,Standard Class,EH-13765,Edward Hooks,Corporate,United States,Seattle,Washington,98103,West,OFF-ST-10003470,Office Supplies,Storage,Tennsco Snap-Together Open Shelving Units  Starter Sets and Add-On Units,1117.92,4,0,55.896
1260,US-2016-168620,24-12-2016,28-12-2016,Second Class,RB-19795,Ross Baird,Home Office,United States,Charlotte,North Carolina,28205,South,TEC-AC-10004469,Technology,Accessories,Microsoft Sculpt Comfort Mouse,255.68,8,0.2,76.704
1807,US-2016-116729,25-12-2016,28-12-2016,First Class,GK-14620,Grace Kelly,Corporate,United States,Los Angeles,California,90049,West,OFF-PA-10002005,Office Supplies,Paper,Xerox 225,45.36,7,0,21.7728
4592,CA-2016-129868,26-12-2016,31-12-2016,Standard Class,MC-18130,Mike Caudle,Corporate,United States,Los Angeles,California,90004,West,TEC-PH-10002275,Technology,Phones,Mitel 5320 IP Phone VoIP phone,302.384,2,0.2,30.2384
8390,CA-2016-102596,27-12-2016,30-12-2016,First Class,RD-19810,Ross DeVincentis,Home Office,United States,Akron,Ohio,44312,East,OFF-FA-10000621,Office Supplies,Fasteners,OIC Colored Binder Clips  Assorted Sizes,17.184,6,0.2,6.2292
4155,CA-2016-139689,29-12-2016,03-01-2017,Standard Class,MP-17965,Michael Paige,Corporate,United States,Bristol,Tennessee,37620,South,OFF-BI-10004781,Office Supplies,Binders,GBC Wire Binding Strips,38.088,4,0.7,-27.9312
4762,CA-2016-117660,30-12-2016,04-01-2017,Standard Class,BM-11785,Bryan Mills,Consumer,United States,Columbus,Ohio,43229,East,OFF-LA-10003720,Office Supplies,Labels,Avery 487,5.904,2,0.2,1.9926
4614,US-2017-165953,31-12-2016,06-01-2017,Standard Class,EP-13915,Emily Phan,Consumer,United States,Jacksonville,Florida,32216,South,OFF-PA-10002250,Office Supplies,Paper,Things To Do Today Pad,23.48,5,0.2,8.218
8076,CA-2017-151750,01-01-2017,05-01-2017,Standard Class,JM-15250,Janet Martin,Consumer,United States,Huntsville,Texas,77340,Central,OFF-AP-10004708,Office Supplies,Appliances,Fellowes Superior 10 Outlet Split Surge Protector,15.224,2,0.8,-38.8212
1341,CA-2017-113481,02-01-2017,04-01-2017,First Class,AS-10045,Aaron Smayling,Corporate,United States,Jacksonville,North Carolina,28540,South,TEC-MA-10002178,Technology,Machines,Cisco CP-7937G Unified IP Conference Station Phone,695.7,2,0.5,-27.828
9491,CA-2017-111738,03-01-2017,07-01-2017,Standard Class,CM-12385,Christopher Martinez,Consumer,United States,San Francisco,California,94110,West,OFF-BI-10004584,Office Supplies,Binders,GBC ProClick 150 Presentation Binding System,2022.272,8,0.2,682.5168
4937,CA-2017-150931,06-01-2017,13-01-2017,Standard Class,DP-13390,Dennis Pardue,Home Office,United States,Tuscaloosa,Alabama,35401,South,OFF-BI-10004728,Office Supplies,Binders,Wilson Jones Turn Tabs Binder Tool for Ring Binders,33.74,7,0,15.5204
978,CA-2017-159366,07-01-2017,10-01-2017,First Class,BW-11110,Bart Watters,Corporate,United States,Detroit,Michigan,48205,Central,TEC-MA-10000822,Technology,Machines,Lexmark MX611dhe Monochrome Laser Printer,3059.982,2,0.1,679.996
2290,CA-2017-115154,08-01-2017,11-01-2017,First Class,RS-19420,Ricardo Sperren,Corporate,United States,Seattle,Washington,98115,West,FUR-TA-10001950,Furniture,Tables,Balt Solid Wood Round Tables,892.98,2,0,80.3682
7221,CA-2017-154760,09-01-2017,13-01-2017,Standard Class,BP-11290,Beth Paige,Consumer,United States,Philadelphia,Pennsylvania,19140,East,OFF-BI-10004632,Office Supplies,Binders,Ibico Hi-Tech Manual Binding System,274.491,3,0.7,-228.7425
5900,CA-2017-108000,12-01-2017,16-01-2017,Standard Class,LS-16945,Linda Southworth,Corporate,United States,San Francisco,California,94110,West,OFF-EN-10002621,Office Supplies,Envelopes,Staple envelope,9.78,1,0,4.89
6619,US-2017-167402,13-01-2017,18-01-2017,Second Class,CP-12085,Cathy Prescott,Corporate,United States,Springfield,Missouri,65807,Central,OFF-PA-10004983,Office Supplies,Paper,Xerox 23,32.4,5,0,15.552
9861,CA-2017-113278,14-01-2017,20-01-2017,Standard Class,HR-14770,Hallie Redmond,Home Office,United States,Richmond,Indiana,47374,Central,TEC-PH-10000169,Technology,Phones,ARKON Windshield Dashboard Air Vent Car Mount Holder,67.8,4,0,1.356
6384,US-2017-104661,15-01-2017,18-01-2017,First Class,TB-21250,Tim Brockman,Consumer,United States,Austin,Texas,78745,Central,OFF-BI-10001597,Office Supplies,Binders,"Wilson Jones Ledger-Size  Piano-Hinge Binder  2""  Blue",32.784,4,0.8,-52.4544
5272,CA-2017-125913,16-01-2017,16-01-2017,Same Day,JO-15145,Jack O'Briant,Corporate,United States,Los Angeles,California,90008,West,FUR-FU-10001487,Furniture,Furnishings,Eldon Expressions Wood and Plastic Desk Accessories  Cherry Wood,27.92,4,0,8.0968
9389,US-2017-127292,19-01-2017,23-01-2017,Standard Class,RM-19375,Raymond Messe,Consumer,United States,Burlington,Vermont,5408,East,OFF-AP-10000828,Office Supplies,Appliances,Avanti 4.4 Cu. Ft. Refrigerator,542.94,3,0,152.0232
1659,CA-2017-161809,20-01-2017,26-01-2017,Standard Class,TH-21100,Thea Hendricks,Consumer,United States,Los Angeles,California,90045,West,TEC-PH-10004922,Technology,Phones,RCA Visys Integrated PBX 8-Line Router,160.776,3,0.2,10.0485
2684,CA-2017-127026,21-01-2017,27-01-2017,Standard Class,MH-18115,Mick Hernandez,Home Office,United States,Jackson,Michigan,49201,Central,TEC-PH-10003601,Technology,Phones,Ativa D5772 2-Line 5.8GHz Digital Expandable Corded/Cordless Phone System with Answering & Caller ID/Call Waiting  Black/Silver,164.99,1,0,49.497
519,CA-2017-127432,22-01-2017,27-01-2017,Standard Class,AD-10180,Alan Dominguez,Home Office,United States,Great Falls,Montana,59405,West,OFF-ST-10004459,Office Supplies,Storage,Tennsco Single-Tier Lockers,1126.02,3,0,56.301
9654,CA-2017-161893,23-01-2017,27-01-2017,Standard Class,HP-14815,Harold Pawlan,Home Office,United States,Tucson,Arizona,85705,West,TEC-AC-10001874,Technology,Accessories,Logitech Wireless Anywhere Mouse MX for PC and Mac,95.984,2,0.2,11.998
2376,CA-2017-119669,24-01-2017,30-01-2017,Standard Class,TP-21130,Theone Pippenger,Consumer,United States,Smyrna,Georgia,30080,South,OFF-FA-10000053,Office Supplies,Fasteners,Revere Boxed Rubber Bands by Revere,5.67,3,0,0.1134
7820,CA-2017-150469,26-01-2017,30-01-2017,Standard Class,CJ-12010,Caroline Jumper,Consumer,United States,San Francisco,California,94109,West,OFF-FA-10000611,Office Supplies,Fasteners,Binder Clips by OIC,11.84,8,0,5.6832
7222,US-2017-104437,27-01-2017,31-01-2017,Standard Class,TG-21310,Toby Gnade,Consumer,United States,New York City,New York,10035,East,TEC-PH-10000193,Technology,Phones,Jensen SMPS-640 - speaker phone,137.94,3,0,35.8644
1415,CA-2017-115994,28-01-2017,31-01-2017,Second Class,BT-11305,Beth Thompson,Home Office,United States,Costa Mesa,California,92627,West,TEC-AC-10000580,Technology,Accessories,Logitech G13 Programmable Gameboard with LCD Display,239.97,3,0,26.3967
7028,CA-2017-131653,29-01-2017,05-02-2017,Standard Class,RD-19585,Rob Dowd,Consumer,United States,New York City,New York,10011,East,OFF-LA-10001045,Office Supplies,Labels,Permanent Self-Adhesive File Folder Labels for Typewriters by Universal,5.22,2,0,2.4012
4146,CA-2017-112725,30-01-2017,06-02-2017,Standard Class,EH-14125,Eugene Hildebrand,Home Office,United States,San Francisco,California,94110,West,FUR-CH-10000863,Furniture,Chairs,Novimex Swivel Fabric Task Chair,120.784,1,0.2,-13.5882
8749,CA-2017-128076,02-02-2017,07-02-2017,Standard Class,BO-11350,Bill Overfelt,Corporate,United States,San Diego,California,92105,West,TEC-MA-10002109,Technology,Machines,HP Officejet Pro 8600 e-All-In-One Printer  Copier  Scanner  Fax,239.984,2,0.2,38.9974
4755,CA-2017-126354,03-02-2017,08-02-2017,Standard Class,SC-20380,Shahid Collister,Consumer,United States,Pembroke Pines,Florida,33024,South,OFF-BI-10000301,Office Supplies,Binders,GBC Instant Report Kit,3.882,2,0.7,-2.588
7065,CA-2017-169474,04-02-2017,09-02-2017,Standard Class,JF-15355,Jay Fein,Consumer,United States,Rochester,New York,14609,East,OFF-AP-10003971,Office Supplies,Appliances,Belkin 6 Outlet Metallic Surge Strip,32.67,3,0,8.4942
6567,CA-2017-131282,05-02-2017,08-02-2017,Second Class,CB-12025,Cassandra Brandow,Consumer,United States,Waco,Texas,76706,Central,OFF-BI-10004632,Office Supplies,Binders,Ibico Hi-Tech Manual Binding System,243.992,4,0.8,-426.986
7027,US-2017-101840,06-02-2017,12-02-2017,Standard Class,SP-20545,Sibella Parks,Corporate,United States,New York City,New York,10024,East,OFF-BI-10000279,Office Supplies,Binders,"Acco Recycled 2"" Capacity Laser Printer Hanging Data Binders",46.24,4,0.2,15.606
3086,CA-2017-118773,09-02-2017,14-02-2017,Standard Class,TP-21415,Tom Prescott,Consumer,United States,Houston,Texas,77070,Central,TEC-AC-10002402,Technology,Accessories,Razer Kraken PRO Over Ear PC and Music Headset,127.984,2,0.2,15.998
2368,CA-2017-123659,10-02-2017,13-02-2017,First Class,MN-17935,Michael Nguyen,Consumer,United States,Clinton,Maryland,20735,East,OFF-PA-10002464,Office Supplies,Paper,HP Office Recycled Paper (20Lb. and 87 Bright),23.12,4,0,11.3288
3146,CA-2017-131828,11-02-2017,13-02-2017,Second Class,CS-11845,Cari Sayre,Corporate,United States,Seattle,Washington,98105,West,FUR-CH-10004495,Furniture,Chairs,Global Leather and Oak Executive Chair  Black,963.136,4,0.2,108.3528
2732,CA-2017-104801,13-02-2017,19-02-2017,Standard Class,FH-14350,Fred Harton,Consumer,United States,Seattle,Washington,98105,West,FUR-FU-10004017,Furniture,Furnishings,"Tenex Contemporary Contur Chairmats for Low and Medium Pile Carpet  Computer  39"" x 49""",107.53,1,0,21.506
8675,CA-2017-163265,16-02-2017,21-02-2017,Standard Class,JS-16030,Joy Smith,Consumer,United States,Decatur,Illinois,62521,Central,OFF-ST-10000642,Office Supplies,Storage,Tennsco Lockers  Gray,50.352,3,0.2,-8.1822
3861,CA-2017-154039,17-02-2017,22-02-2017,Standard Class,JK-16120,Julie Kriz,Home Office,United States,Chicago,Illinois,60653,Central,TEC-PH-10002789,Technology,Phones,LG Exalt,124.792,1,0.2,10.9193
5390,CA-2017-164707,18-02-2017,21-02-2017,Second Class,CV-12805,Cynthia Voltz,Corporate,United States,Los Angeles,California,90045,West,OFF-LA-10004345,Office Supplies,Labels,Avery 493,9.82,2,0,4.8118
3963,CA-2017-134838,19-02-2017,20-02-2017,First Class,ED-13885,Emily Ducich,Home Office,United States,Los Angeles,California,90045,West,OFF-AR-10000634,Office Supplies,Art,Newell 320,12.84,3,0,3.4668
6656,CA-2017-135937,20-02-2017,27-02-2017,Standard Class,KM-16375,Katherine Murray,Home Office,United States,Gilbert,Arizona,85234,West,TEC-AC-10001114,Technology,Accessories,Microsoft Wireless Mobile Mouse 4000,31.992,1,0.2,4.7988
9318,CA-2017-124940,21-02-2017,26-02-2017,Standard Class,DK-13090,Dave Kipp,Consumer,United States,Carrollton,Texas,75007,Central,TEC-AC-10002076,Technology,Accessories,Microsoft Natural Keyboard Elite,47.904,1,0.2,-2.994
6027,CA-2017-136007,23-02-2017,02-03-2017,Standard Class,AC-10615,Ann Chong,Corporate,United States,Seattle,Washington,98115,West,OFF-FA-10002701,Office Supplies,Fasteners,Alliance Rubber Bands,8.4,5,0,0.336
1992,CA-2017-111374,24-02-2017,28-02-2017,Standard Class,CB-12415,Christy Brittain,Consumer,United States,Philadelphia,Pennsylvania,19134,East,OFF-BI-10004970,Office Supplies,Binders,"ACCOHIDE 3-Ring Binder  Blue  1""",4.956,4,0.7,-3.7996
3765,CA-2017-125878,25-02-2017,02-03-2017,Standard Class,MH-18025,Michelle Huthwaite,Consumer,United States,Chicago,Illinois,60623,Central,OFF-BI-10002609,Office Supplies,Binders,Avery Hidden Tab Dividers for Binding Systems,1.788,3,0.8,-3.0396
